Mission Time,Primary Object ID,Primary Object Name,Primary Object Coalition,Primary Object Pilot,Primary Object Registration,Primary Object Squawk,Event,Occurrences,Secondary Object ID,Secondary Object Name,Secondary Object Coalition,Secondary Object Pilot,Secondary Object Registration,Secondary Object Squawk,Relevant Object ID,Relevant Object Name,Relevant Object Coalition,Relevant Object Pilot,Relevant Object Registration,Relevant Object Squawk
36.99,238,F-16C Fighting Falcon,Enemies,Hobo 1-1 | Flatline,,,HasEnteredTheArea,1,ICAO:URKA,Anapa-Vityazevo,,,,,,
66.24,239,F-16C Fighting Falcon,Enemies,[RVN] Raven 1-2 | phrozen,,,HasEnteredTheArea,1,ICAO:URKA,Anapa-Vityazevo,,,,,,
110.14,240,F-16C Fighting Falcon,Enemies,Vanilla 1-1,,,HasEnteredTheArea,1,ICAO:URKA,Anapa-Vityazevo,,,,,,
135.85,241,F/A-18C Hornet,Enemies,Loaf 1-1,,,HasEnteredTheArea,1,ICAO:URKA,Anapa-Vityazevo,,,,,,
183.44,238,F-16C Fighting Falcon,Enemies,Hobo 1-1 | Flatline,,,HasTakenOff,1,ICAO:URKA,Anapa-Vityazevo,,,,,,
188.16,235,S-3B Viking,Enemies,CVN-75_Tanker S3B_01#001-01,,,HasTakenOff,1,13,CVN-75 Harry Truman,Enemies,CVN-75,,,,,,
193.24,242,Mi-24P Hind-F,Enemies,Daddy [67],,,HasEnteredTheArea,1,ICAO:URKA,Anapa-Vityazevo,,,,,,
204.31,243,Su-33 Flanker-D,Enemies,Geodeda,,,HasEnteredTheArea,1,ICAO:URKA,Anapa-Vityazevo,,,,,,
221.34,242,Mi-24P Hind-F,Enemies,Daddy [67],,,HasLeftTheArea,1,ICAO:URKA,Anapa-Vityazevo,,,,,,
244.49,244,Mi-24P Hind-F,Enemies,Daddy [67],,,HasEnteredTheArea,1,ICAO:URKA,Anapa-Vityazevo,,,,,,
294.23,236,E-2C Hawkeye,Enemies,CVN-75_Truman E2_02#001-01,,,HasTakenOff,1,13,CVN-75 Harry Truman,Enemies,CVN-75,,,,,,
321.02,239,F-16C Fighting Falcon,Enemies,[RVN] Raven 1-2 | phrozen,,,HasTakenOff,1,ICAO:URKA,Anapa-Vityazevo,,,,,,
333.17,245,MiG-21bis Fishbed-L/N,Allies,Aerial-1-2,,,HasEnteredTheArea,1,ICAO:URKW,Krymsk,,,,,,
405.07,238,F-16C Fighting Falcon,Enemies,Hobo 1-1 | Flatline,,,HasFired,1,246,AGM-88 HARM,Enemies,,,,,,,
422.38,239,F-16C Fighting Falcon,Enemies,[RVN] Raven 1-2 | phrozen,,,HasFired,1,247,AGM-88 HARM,Enemies,,,,,,,
424.93,238,F-16C Fighting Falcon,Enemies,Hobo 1-1 | Flatline,,,HasFired,1,248,AGM-88 HARM,Enemies,,,,,,,
438.19,245,MiG-21bis Fishbed-L/N,Allies,Aerial-1-2,,,HasTakenOff,1,ICAO:URKW,Krymsk,,,,,,
445.10,63,SA-3 Goa (TR Low Blow),Allies,CJTF_RED gnd 8 unit7,,,HasBeenHitBy,1,246,AGM-88 HARM,Enemies,,,,238,F-16C Fighting Falcon,Enemies,Hobo 1-1 | Flatline,,
445.25,63,SA-3 Goa (TR Low Blow),Allies,CJTF_RED gnd 8 unit7,,,HasBeenDestroyed,1,238,F-16C Fighting Falcon,Enemies,Hobo 1-1 | Flatline,,,,,,
457.41,248,AGM-88 HARM,Enemies,,,,HasBeenDestroyed,1,,,,,,,,
503.44,247,AGM-88 HARM,Enemies,,,,HasBeenDestroyed,1,,,,,,,,
533.95,249,Mi-8MT Hip,Enemies,Kraken 3-1 | Ryogaru,,,HasEnteredTheArea,1,ICAO:URKA,Anapa-Vityazevo,,,,,,
595.42,239,F-16C Fighting Falcon,Enemies,[RVN] Raven 1-2 | phrozen,,,HasFired,1,250,AIM-120C AMRAAM,Enemies,,,,,,,
623.09,259,MiG-21bis Fishbed-L/N,Allies,krym3-1-1,,,HasEnteredTheArea,1,ICAO:URKW,Krymsk,,,,,,
623.09,258,MiG-21bis Fishbed-L/N,Allies,Aerial-1-2-1,,,HasEnteredTheArea,1,ICAO:URKW,Krymsk,,,,,,
633.10,245,MiG-21bis Fishbed-L/N,Allies,Aerial-1-2,,,HasBeenHitBy,1,250,AIM-120C AMRAAM,Enemies,,,,239,F-16C Fighting Falcon,Enemies,[RVN] Raven 1-2 | phrozen,,
633.10,245,MiG-21bis Fishbed-L/N,Allies,Aerial-1-2,,,HasBeenDestroyed,1,239,F-16C Fighting Falcon,Enemies,[RVN] Raven 1-2 | phrozen,,,,,,
633.18,36,MIM-23 Hawk (M192 LN),Enemies,CJTF_BLUE gnd 4 unit6,,,HasFired,1,266,MIM-23B,Enemies,,,,,,,
633.74,36,MIM-23 Hawk (M192 LN),Enemies,CJTF_BLUE gnd 4 unit6,,,HasBeenHitBy,1,266,MIM-23B,Enemies,,,,,,,
703.35,239,F-16C Fighting Falcon,Enemies,[RVN] Raven 1-2 | phrozen,,,HasFired,1,271,AGM-88 HARM,Enemies,,,,,,,
709.37,239,F-16C Fighting Falcon,Enemies,[RVN] Raven 1-2 | phrozen,,,HasFired,1,272,AGM-88 HARM,Enemies,,,,,,,
722.92,239,F-16C Fighting Falcon,Enemies,[RVN] Raven 1-2 | phrozen,,,HasFired,1,273,AGM-88 HARM,Enemies,,,,,,,
732.84,258,MiG-21bis Fishbed-L/N,Allies,Aerial-1-2-1,,,HasTakenOff,1,ICAO:URKW,Krymsk,,,,,,
743.60,57,SA-3 Goa (SR),Allies,CJTF_RED gnd 8 unit1,,,HasBeenHitBy,1,271,AGM-88 HARM,Enemies,,,,239,F-16C Fighting Falcon,Enemies,[RVN] Raven 1-2 | phrozen,,
743.74,57,SA-3 Goa (SR),Allies,CJTF_RED gnd 8 unit1,,,HasBeenDestroyed,1,239,F-16C Fighting Falcon,Enemies,[RVN] Raven 1-2 | phrozen,,,,,,
744.88,259,MiG-21bis Fishbed-L/N,Allies,krym3-1-1,,,HasTakenOff,1,ICAO:URKW,Krymsk,,,,,,
747.20,243,Su-33 Flanker-D,Enemies,Geodeda,,,HasTakenOff,1,ICAO:URKA,Anapa-Vityazevo,,,,,,
750.25,228,SA-3 Goa (TR Low Blow),Allies,CJTF_RED gnd 36 unit7,,,HasBeenHitBy,1,272,AGM-88 HARM,Enemies,,,,239,F-16C Fighting Falcon,Enemies,[RVN] Raven 1-2 | phrozen,,
750.34,228,SA-3 Goa (TR Low Blow),Allies,CJTF_RED gnd 36 unit7,,,HasBeenDestroyed,1,239,F-16C Fighting Falcon,Enemies,[RVN] Raven 1-2 | phrozen,,,,,,
753.15,275,MiG-29S Fulcrum-C,Allies,kras11-1,,,HasEnteredTheArea,1,ICAO:URKK,Krasnodar-Pashkovsky,,,,,,
753.15,274,MiG-29S Fulcrum-C,Allies,Aerial-1-7,,,HasEnteredTheArea,1,ICAO:URKK,Krasnodar-Pashkovsky,,,,,,
771.68,184,SA-3 Goa (TR Low Blow),Allies,CJTF_RED gnd 28 unit7,,,HasBeenHitBy,1,273,AGM-88 HARM,Enemies,,,,239,F-16C Fighting Falcon,Enemies,[RVN] Raven 1-2 | phrozen,,
771.78,184,SA-3 Goa (TR Low Blow),Allies,CJTF_RED gnd 28 unit7,,,HasBeenDestroyed,1,239,F-16C Fighting Falcon,Enemies,[RVN] Raven 1-2 | phrozen,,,,,,
773.28,241,F/A-18C Hornet,Enemies,Loaf 1-1,,,HasTakenOff,1,ICAO:URKA,Anapa-Vityazevo,,,,,,
776.66,240,F-16C Fighting Falcon,Enemies,Vanilla 1-1,,,HasTakenOff,1,ICAO:URKA,Anapa-Vityazevo,,,,,,
785.35,238,F-16C Fighting Falcon,Enemies,Hobo 1-1 | Flatline,,,HasFired,1,284,AGM-65D Maverick,Enemies,,,,,,,
792.08,238,F-16C Fighting Falcon,Enemies,Hobo 1-1 | Flatline,,,HasFired,1,285,AGM-65D Maverick,Enemies,,,,,,,
796.43,238,F-16C Fighting Falcon,Enemies,Hobo 1-1 | Flatline,,,HasFired,1,293,AGM-65D Maverick,Enemies,,,,,,,
804.97,238,F-16C Fighting Falcon,Enemies,Hobo 1-1 | Flatline,,,HasFired,1,294,AGM-65D Maverick,Enemies,,,,,,,
809.72,238,F-16C Fighting Falcon,Enemies,Hobo 1-1 | Flatline,,,HasFired,1,295,AGM-65D Maverick,Enemies,,,,,,,
824.21,53,BTR-80,Allies,CJTF_RED gnd 7 unit1,,,HasBeenHitBy,1,294,AGM-65D Maverick,Enemies,,,,238,F-16C Fighting Falcon,Enemies,Hobo 1-1 | Flatline,,
824.44,54,ZSU-23-4 Shilka,Allies,CJTF_RED gnd 7 unit2,,,HasBeenHitBy,1,293,AGM-65D Maverick,Enemies,,,,238,F-16C Fighting Falcon,Enemies,Hobo 1-1 | Flatline,,
825.09,54,ZSU-23-4 Shilka,Allies,CJTF_RED gnd 7 unit2,,,HasBeenHitBy,1,285,AGM-65D Maverick,Enemies,,,,238,F-16C Fighting Falcon,Enemies,Hobo 1-1 | Flatline,,
825.09,55,T-90,Allies,CJTF_RED gnd 7 unit3,,,HasBeenHitBy,1,295,AGM-65D Maverick,Enemies,,,,238,F-16C Fighting Falcon,Enemies,Hobo 1-1 | Flatline,,
825.11,53,BTR-80,Allies,CJTF_RED gnd 7 unit1,,,HasBeenDestroyed,1,238,F-16C Fighting Falcon,Enemies,Hobo 1-1 | Flatline,,,,,,
826.88,56,T-90,Allies,CJTF_RED gnd 7 unit4,,,HasBeenHitBy,1,284,AGM-65D Maverick,Enemies,,,,238,F-16C Fighting Falcon,Enemies,Hobo 1-1 | Flatline,,
826.97,56,T-90,Allies,CJTF_RED gnd 7 unit4,,,HasBeenDestroyed,1,238,F-16C Fighting Falcon,Enemies,Hobo 1-1 | Flatline,,,,,,
883.40,244,Mi-24P Hind-F,Enemies,Daddy [67],,,HasBeenDestroyed,1,,,,,,,,
890.94,300,Mi-24P Hind-F,Enemies,Daddy [67],,,HasEnteredTheArea,1,ICAO:URKA,Anapa-Vityazevo,,,,,,
899.77,238,F-16C Fighting Falcon,Enemies,Hobo 1-1 | Flatline,,,HasFired,1,301,AIM-120C AMRAAM,Enemies,,,,,,,
908.16,300,Mi-24P Hind-F,Enemies,Daddy [67],,,HasLeftTheArea,1,ICAO:URKA,Anapa-Vityazevo,,,,,,
910.58,258,MiG-21bis Fishbed-L/N,Allies,Aerial-1-2-1,,,HasBeenHitBy,1,301,AIM-120C AMRAAM,Enemies,,,,238,F-16C Fighting Falcon,Enemies,Hobo 1-1 | Flatline,,
910.66,258,MiG-21bis Fishbed-L/N,Allies,Aerial-1-2-1,,,HasBeenDestroyed,1,238,F-16C Fighting Falcon,Enemies,Hobo 1-1 | Flatline,,,,,,
930.50,309,A-10C Thunderbolt II,Enemies,Daddy [67],,,HasEnteredTheArea,1,ICAO:URKA,Anapa-Vityazevo,,,,,,
939.04,274,MiG-29S Fulcrum-C,Allies,Aerial-1-7,,,HasTakenOff,1,ICAO:URKK,Krasnodar-Pashkovsky,,,,,,
944.51,36,MIM-23 Hawk (M192 LN),Enemies,CJTF_BLUE gnd 4 unit6,,,HasFired,1,310,MIM-23B,Enemies,,,,,,,
951.39,275,MiG-29S Fulcrum-C,Allies,kras11-1,,,HasTakenOff,1,ICAO:URKK,Krasnodar-Pashkovsky,,,,,,
953.72,36,MIM-23 Hawk (M192 LN),Enemies,CJTF_BLUE gnd 4 unit6,,,HasFired,1,311,MIM-23B,Enemies,,,,,,,
979.78,240,F-16C Fighting Falcon,Enemies,Vanilla 1-1,,,HasFired,1,320,AIM-9X Sidewinder,Enemies,,,,,,,
986.92,239,F-16C Fighting Falcon,Enemies,[RVN] Raven 1-2 | phrozen,,,HasLanded,1,ICAO:URKA,Anapa-Vityazevo,,,,,,
994.30,243,Su-33 Flanker-D,Enemies,Geodeda,,,HasFired,1,322,R-27ER (AA-10 Alamo-C),Enemies,,,,,,,
994.62,259,MiG-21bis Fishbed-L/N,Allies,krym3-1-1,,,HasBeenHitBy,1,310,MIM-23B,Enemies,,,,36,MIM-23 Hawk (M192 LN),Enemies,CJTF_BLUE gnd 4 unit6,,
994.71,35,MIM-23 Hawk (M192 LN),Enemies,CJTF_BLUE gnd 4 unit5,,,HasFired,1,323,MIM-23B,Enemies,,,,,,,
999.77,311,MIM-23B,Enemies,,,,HasBeenDestroyed,1,,,,,,,,
999.77,320,AIM-9X Sidewinder,Enemies,,,,HasBeenDestroyed,1,,,,,,,,
1000.73,323,MIM-23B,Enemies,,,,HasBeenDestroyed,1,,,,,,,,
1013.18,240,F-16C Fighting Falcon,Enemies,Vanilla 1-1,,,HasFired,1,331,AIM-9X Sidewinder,Enemies,,,,,,,
1013.81,241,F/A-18C Hornet,Enemies,Loaf 1-1,,,HasFired,1,332,AGM-84 Harpoon,Enemies,,,,,,,
1018.20,259,MiG-21bis Fishbed-L/N,Allies,krym3-1-1,,,HasBeenHitBy,1,331,AIM-9X Sidewinder,Enemies,,,,240,F-16C Fighting Falcon,Enemies,Vanilla 1-1,,
1018.20,259,MiG-21bis Fishbed-L/N,Allies,krym3-1-1,,,HasBeenDestroyed,1,240,F-16C Fighting Falcon,Enemies,Vanilla 1-1,,,,,,
1018.79,191,SA-6 Gainful (LN),Allies,CJTF_RED gnd 29 unit7,,,HasFired,1,339,SA3M9M,Allies,,,,,,,
1023.92,322,R-27ER (AA-10 Alamo-C),Enemies,,,,HasBeenDestroyed,1,,,,,,,,
1036.83,339,SA3M9M,Allies,,,,HasBeenDestroyed,1,,,,,,,,
1082.85,240,F-16C Fighting Falcon,Enemies,Vanilla 1-1,,,HasFired,2,343,CBU-87 CEM,Enemies,,,,,,,
1085.83,343,CBU-87 CEM,Enemies,,,,HasFired,1,345,CBU-87 CEM Bomblets,Enemies,,,,240,F-16C Fighting Falcon,Enemies,Vanilla 1-1,,
1086.85,344,CBU-87 CEM,Enemies,,,,HasFired,1,346,CBU-87 CEM Bomblets,Enemies,,,,240,F-16C Fighting Falcon,Enemies,Vanilla 1-1,,
1087.69,204,SA-18 Grouse,Allies,CJTF_RED gnd 32 unit3,,,HasFired,1,347,Igla-1E (SA-18),Allies,,,,,,,
1091.69,201,Infantry AK,Allies,CJTF_RED gnd 31 unit6,,,HasBeenDestroyed,1,345,CBU-87 CEM Bomblets,Enemies,,,,240,F-16C Fighting Falcon,Enemies,Vanilla 1-1,,
1091.99,207,Infantry AK,Allies,CJTF_RED gnd 32 unit6,,,HasBeenDestroyed,1,346,CBU-87 CEM Bomblets,Enemies,,,,240,F-16C Fighting Falcon,Enemies,Vanilla 1-1,,
1092.33,202,Infantry AK,Allies,CJTF_RED gnd 32 unit1,,,HasBeenDestroyed,1,346,CBU-87 CEM Bomblets,Enemies,,,,240,F-16C Fighting Falcon,Enemies,Vanilla 1-1,,
1092.33,208,BTR-80,Allies,CJTF_RED gnd 33 unit1,,,HasBeenDestroyed,1,346,CBU-87 CEM Bomblets,Enemies,,,,240,F-16C Fighting Falcon,Enemies,Vanilla 1-1,,
1092.72,332,AGM-84 Harpoon,Enemies,,,,HasBeenDestroyed,1,,,,,,,,
1092.76,198,SA-18 Grouse,Allies,CJTF_RED gnd 31 unit3,,,HasBeenDestroyed,1,346,CBU-87 CEM Bomblets,Enemies,,,,240,F-16C Fighting Falcon,Enemies,Vanilla 1-1,,
1093.01,203,Infantry AK,Allies,CJTF_RED gnd 32 unit2,,,HasBeenDestroyed,1,346,CBU-87 CEM Bomblets,Enemies,,,,240,F-16C Fighting Falcon,Enemies,Vanilla 1-1,,
1093.13,205,Ural-375,Allies,CJTF_RED gnd 32 unit4,,,HasBeenHitBy,1,345,CBU-87 CEM Bomblets,Enemies,,,,240,F-16C Fighting Falcon,Enemies,Vanilla 1-1,,
1093.82,203,Infantry AK,Allies,CJTF_RED gnd 32 unit2,,,HasBeenHitBy,1,346,CBU-87 CEM Bomblets,Enemies,,,,240,F-16C Fighting Falcon,Enemies,Vanilla 1-1,,
1104.64,347,Igla-1E (SA-18),Allies,,,,HasBeenDestroyed,1,,,,,,,,
1162.92,240,F-16C Fighting Falcon,Enemies,Vanilla 1-1,,,HasFired,1,348,CBU-87 CEM,Enemies,,,,,,,
1163.10,211,T-90,Allies,CJTF_RED gnd 33 unit4,,,HasFired,42,349,weapons.shells.Utes_12_7x108_T,Allies,,,,,,,
1164.68,205,Ural-375,Allies,CJTF_RED gnd 32 unit4,,,HasBeenHitBy,1,348,CBU-87 CEM,Enemies,,,,240,F-16C Fighting Falcon,Enemies,Vanilla 1-1,,
1197.92,241,F/A-18C Hornet,Enemies,Loaf 1-1,,,HasFired,1,391,AGM-84 Harpoon,Enemies,,,,,,,
1210.15,240,F-16C Fighting Falcon,Enemies,Vanilla 1-1,,,HasFired,2,392,CBU-87 CEM,Enemies,,,,,,,
1210.62,209,ZSU-23-4 Shilka,Allies,CJTF_RED gnd 33 unit2,,,HasFired,90,396,weapons.shells.2A7_23_HE,Allies,,,,,,,
1210.92,211,T-90,Allies,CJTF_RED gnd 33 unit4,,,HasFired,11,413,weapons.shells.Utes_12_7x108,Allies,,,,,,,
1213.12,392,CBU-87 CEM,Enemies,,,,HasFired,1,494,CBU-87 CEM Bomblets,Enemies,,,,240,F-16C Fighting Falcon,Enemies,Vanilla 1-1,,
1215.08,210,T-90,Allies,CJTF_RED gnd 33 unit3,,,HasFired,21,496,weapons.shells.Utes_12_7x108_T,Allies,,,,,,,
1216.36,495,CBU-87 CEM,Enemies,,,,HasFired,1,512,CBU-87 CEM Bomblets,Enemies,,,,240,F-16C Fighting Falcon,Enemies,Vanilla 1-1,,
1219.19,210,T-90,Allies,CJTF_RED gnd 33 unit3,,,HasBeenHitBy,1,494,CBU-87 CEM Bomblets,Enemies,,,,240,F-16C Fighting Falcon,Enemies,Vanilla 1-1,,
1219.46,209,ZSU-23-4 Shilka,Allies,CJTF_RED gnd 33 unit2,,,HasFired,36,521,weapons.shells.2A7_23_HE,Allies,,,,,,,
1270.43,239,F-16C Fighting Falcon,Enemies,[RVN] Raven 1-2 | phrozen,,,HasTakenOff,1,ICAO:URKA,Anapa-Vityazevo,,,,,,
1272.91,190,SA-6 Gainful (LN),Allies,CJTF_RED gnd 29 unit6,,,HasFired,1,554,SA3M9M,Allies,,,,,,,
1273.53,238,F-16C Fighting Falcon,Enemies,Hobo 1-1 | Flatline,,,HasLanded,1,ICAO:URKA,Anapa-Vityazevo,,,,,,
1276.65,240,F-16C Fighting Falcon,Enemies,Vanilla 1-1,,,HasFired,1,555,CBU-87 CEM,Enemies,,,,,,,
1277.91,209,ZSU-23-4 Shilka,Allies,CJTF_RED gnd 33 unit2,,,HasFired,80,579,weapons.shells.2A7_23_HE,Allies,,,,,,,
1278.53,554,SA3M9M,Allies,,,,HasBeenDestroyed,1,,,,,,,,
1278.65,189,SA-6 Gainful (LN),Allies,CJTF_RED gnd 29 unit5,,,HasFired,1,603,SA3M9M,Allies,,,,,,,
1279.57,240,F-16C Fighting Falcon,Enemies,Vanilla 1-1,,,HasBeenDestroyed,1,209,ZSU-23-4 Shilka,Allies,CJTF_RED gnd 33 unit2,,,,,,
1279.62,240,F-16C Fighting Falcon,Enemies,Vanilla 1-1,,,HasBeenHitBy,2,579,weapons.shells.2A7_23_HE,Allies,,,,209,ZSU-23-4 Shilka,Allies,CJTF_RED gnd 33 unit2,,
1279.65,555,CBU-87 CEM,Enemies,,,,HasFired,1,637,CBU-87 CEM Bomblets,Enemies,,,,240,F-16C Fighting Falcon,Enemies,Vanilla 1-1,,
1280.66,603,SA3M9M,Allies,,,,HasBeenDestroyed,1,,,,,,,,
1284.56,197,Infantry AK,Allies,CJTF_RED gnd 31 unit2,,,HasBeenDestroyed,1,637,CBU-87 CEM Bomblets,Enemies,,,,240,F-16C Fighting Falcon,Enemies,Vanilla 1-1,,
1285.35,196,Infantry AK,Allies,CJTF_RED gnd 31 unit1,,,HasBeenHitBy,1,637,CBU-87 CEM Bomblets,Enemies,,,,240,F-16C Fighting Falcon,Enemies,Vanilla 1-1,,
1288.98,58,SA-3 Goa (LN),Allies,CJTF_RED gnd 8 unit2,,,HasBeenHitBy,1,391,AGM-84 Harpoon,Enemies,,,,241,F/A-18C Hornet,Enemies,Loaf 1-1,,
1289.09,58,SA-3 Goa (LN),Allies,CJTF_RED gnd 8 unit2,,,HasBeenDestroyed,1,241,F/A-18C Hornet,Enemies,Loaf 1-1,,,,,,
1319.00,238,F-16C Fighting Falcon,Enemies,Hobo 1-1 | Flatline,,,HasBeenDestroyed,1,,,,,,,,
1324.36,638,A-10C Thunderbolt II,Enemies,Hobo 1-1 | Flatline,,,HasEnteredTheArea,1,ICAO:URKA,Anapa-Vityazevo,,,,,,
1328.28,639,F/A-18C Hornet,Enemies,ColdShoulder,,,HasEnteredTheArea,1,11,CVN-74 John Stennis,Enemies,CVN-74,,,,,,
1342.91,640,F-16C Fighting Falcon,Enemies,Vanilla 1-1,,,HasEnteredTheArea,1,ICAO:URKA,Anapa-Vityazevo,,,,,,
1344.92,241,F/A-18C Hornet,Enemies,Loaf 1-1,,,HasFired,1,641,AGM-84 Harpoon,Enemies,,,,,,,
1382.63,643,M818,Enemies,CJTF_BLUE gnd 38 unit2,,,HasEnteredTheArea,1,ICAO:URKA,Anapa-Vityazevo,,,,,,
1382.63,642,Roland ADS,Enemies,CJTF_BLUE gnd 38 unit1,,,HasEnteredTheArea,1,ICAO:URKA,Anapa-Vityazevo,,,,,,
1406.41,54,ZSU-23-4 Shilka,Allies,CJTF_RED gnd 7 unit2,,,HasBeenHitBy,1,641,AGM-84 Harpoon,Enemies,,,,241,F/A-18C Hornet,Enemies,Loaf 1-1,,
1406.68,54,ZSU-23-4 Shilka,Allies,CJTF_RED gnd 7 unit2,,,HasBeenDestroyed,1,241,F/A-18C Hornet,Enemies,Loaf 1-1,,,,,,
1451.83,309,A-10C Thunderbolt II,Enemies,Daddy [67],,,HasBeenDestroyed,1,,,,,,,,
1454.64,644,Mi-24P Hind-F,Enemies,Daddy [67],,,HasEnteredTheArea,1,ICAO:URKA,Anapa-Vityazevo,,,,,,
1468.02,645,F/A-18C Hornet,Enemies,Cumeleo,,,HasEnteredTheArea,1,11,CVN-74 John Stennis,Enemies,CVN-74,,,,,,
1473.19,647,MiG-23MLD Flogger-K,Allies,kras12-1,,,HasEnteredTheArea,1,ICAO:URKK,Krasnodar-Pashkovsky,,,,,,
1473.19,646,MiG-23MLD Flogger-K,Allies,Aerial-1-8,,,HasEnteredTheArea,1,ICAO:URKK,Krasnodar-Pashkovsky,,,,,,
1490.43,239,F-16C Fighting Falcon,Enemies,[RVN] Raven 1-2 | phrozen,,,HasFired,1,648,AGM-88 HARM,Enemies,,,,,,,
1496.80,239,F-16C Fighting Falcon,Enemies,[RVN] Raven 1-2 | phrozen,,,HasFired,1,649,AGM-88 HARM,Enemies,,,,,,,
1503.98,239,F-16C Fighting Falcon,Enemies,[RVN] Raven 1-2 | phrozen,,,HasFired,1,650,AGM-88 HARM,Enemies,,,,,,,
1513.09,651,Mi-8MT Hip,Allies,krym1-1-2-1-1-1-2-2-2-1-1-2,,,HasEnteredTheArea,1,5,Invisible FARP,Enemies,,,,,,,
1522.43,239,F-16C Fighting Falcon,Enemies,[RVN] Raven 1-2 | phrozen,,,HasFired,1,652,AGM-88 HARM,Enemies,,,,,,,
1533.86,222,SA-3 Goa (SR),Allies,CJTF_RED gnd 36 unit1,,,HasBeenHitBy,1,648,AGM-88 HARM,Enemies,,,,239,F-16C Fighting Falcon,Enemies,[RVN] Raven 1-2 | phrozen,,
1533.95,222,SA-3 Goa (SR),Allies,CJTF_RED gnd 36 unit1,,,HasBeenDestroyed,1,239,F-16C Fighting Falcon,Enemies,[RVN] Raven 1-2 | phrozen,,,,,,
1538.06,190,SA-6 Gainful (LN),Allies,CJTF_RED gnd 29 unit6,,,HasFired,1,653,SA3M9M,Allies,,,,,,,
1541.49,241,F/A-18C Hornet,Enemies,Loaf 1-1,,,HasFired,1,654,AGM-84 Harpoon,Enemies,,,,,,,
1543.48,188,SA-6 Gainful (LN),Allies,CJTF_RED gnd 29 unit4,,,HasFired,1,657,SA3M9M,Allies,,,,,,,
1552.09,653,SA3M9M,Allies,,,,HasBeenDestroyed,1,,,,,,,,
1553.28,178,SA-3 Goa (SR),Allies,CJTF_RED gnd 28 unit1,,,HasBeenHitBy,1,649,AGM-88 HARM,Enemies,,,,239,F-16C Fighting Falcon,Enemies,[RVN] Raven 1-2 | phrozen,,
1553.42,178,SA-3 Goa (SR),Allies,CJTF_RED gnd 28 unit1,,,HasBeenDestroyed,1,239,F-16C Fighting Falcon,Enemies,[RVN] Raven 1-2 | phrozen,,,,,,
1553.56,657,SA3M9M,Allies,,,,HasBeenDestroyed,1,,,,,,,,
1559.56,654,AGM-84 Harpoon,Enemies,,,,HasBeenDestroyed,1,,,,,,,,
1561.30,185,SA-6 Gainful (STR),Allies,CJTF_RED gnd 29 unit1,,,HasBeenHitBy,1,650,AGM-88 HARM,Enemies,,,,239,F-16C Fighting Falcon,Enemies,[RVN] Raven 1-2 | phrozen,,
1561.41,185,SA-6 Gainful (STR),Allies,CJTF_RED gnd 29 unit1,,,HasBeenDestroyed,1,239,F-16C Fighting Falcon,Enemies,[RVN] Raven 1-2 | phrozen,,,,,,
1573.09,193,SA-15 Gauntlet,Allies,CJTF_RED gnd 30 unit1,,,HasBeenHitBy,1,652,AGM-88 HARM,Enemies,,,,239,F-16C Fighting Falcon,Enemies,[RVN] Raven 1-2 | phrozen,,
1599.15,646,MiG-23MLD Flogger-K,Allies,Aerial-1-8,,,HasTakenOff,1,ICAO:URKK,Krasnodar-Pashkovsky,,,,,,
1612.14,647,MiG-23MLD Flogger-K,Allies,kras12-1,,,HasTakenOff,1,ICAO:URKK,Krasnodar-Pashkovsky,,,,,,
1623.09,682,Mi-8MT Hip,Allies,krym1,,,HasEnteredTheArea,1,ICAO:URKW,Krymsk,,,,,,
1633.09,683,Mi-8MT Hip,Allies,bravo1,,,HasEnteredTheArea,1,4,Invisible FARP,Enemies,,,,,,,
1654.27,243,Su-33 Flanker-D,Enemies,Geodeda,,,HasLanded,1,ICAO:URKA,Anapa-Vityazevo,,,,,,
1664.53,684,A-10A Thunderbolt II,Enemies,rocketboy11,,,HasEnteredTheArea,1,ICAO:URKA,Anapa-Vityazevo,,,,,,
1680.65,638,A-10C Thunderbolt II,Enemies,Hobo 1-1 | Flatline,,,HasTakenOff,1,ICAO:URKA,Anapa-Vityazevo,,,,,,
1682.61,685,Su-25T Frogfoot,Enemies,Gryfas,,,HasEnteredTheArea,1,ICAO:URKA,Anapa-Vityazevo,,,,,,
1683.11,687,Mi-8MT Hip,Allies,bravo4,,,HasEnteredTheArea,1,4,Invisible FARP,Enemies,,,,,,,
1683.11,686,Mi-8MT Hip,Allies,bravo6,,,HasEnteredTheArea,1,4,Invisible FARP,Enemies,,,,,,,
1722.69,639,F/A-18C Hornet,Enemies,ColdShoulder,,,HasTakenOff,1,11,CVN-74 John Stennis,Enemies,CVN-74,,,,,,
1726.88,639,F/A-18C Hornet,Enemies,ColdShoulder,,,HasLanded,1,11,CVN-74 John Stennis,Enemies,CVN-74,,,,,,
1734.34,243,Su-33 Flanker-D,Enemies,Geodeda,,,HasLeftTheArea,1,ICAO:URKA,Anapa-Vityazevo,,,,,,
1758.40,684,A-10A Thunderbolt II,Enemies,rocketboy11,,,HasLeftTheArea,1,ICAO:URKA,Anapa-Vityazevo,,,,,,
1764.92,688,A-10A Thunderbolt II,Enemies,rocketboy11,,,HasEnteredTheArea,1,ICAO:URKA,Anapa-Vityazevo,,,,,,
1778.37,688,A-10A Thunderbolt II,Enemies,rocketboy11,,,HasLeftTheArea,1,ICAO:URKA,Anapa-Vityazevo,,,,,,
1780.69,275,MiG-29S Fulcrum-C,Allies,kras11-1,,,HasLanded,1,ICAO:URKK,Krasnodar-Pashkovsky,,,,,,
1785.85,274,MiG-29S Fulcrum-C,Allies,Aerial-1-7,,,HasLanded,1,ICAO:URKK,Krasnodar-Pashkovsky,,,,,,
1797.39,239,F-16C Fighting Falcon,Enemies,[RVN] Raven 1-2 | phrozen,,,HasLanded,1,ICAO:URKA,Anapa-Vityazevo,,,,,,
1832.76,640,F-16C Fighting Falcon,Enemies,Vanilla 1-1,,,HasTakenOff,1,ICAO:URKA,Anapa-Vityazevo,,,,,,
1860.55,689,A-10A Thunderbolt II,Enemies,rocketboy11,,,HasEnteredTheArea,1,ICAO:URKA,Anapa-Vityazevo,,,,,,
1870.13,638,A-10C Thunderbolt II,Enemies,Hobo 1-1 | Flatline,,,HasFired,1,690,AGM-65D Maverick,Enemies,,,,,,,
1884.48,691,F/A-18C Hornet,Enemies,Geodeda,,,HasEnteredTheArea,1,ICAO:URKA,Anapa-Vityazevo,,,,,,
1888.13,638,A-10C Thunderbolt II,Enemies,Hobo 1-1 | Flatline,,,HasFired,1,692,AGM-65D Maverick,Enemies,,,,,,,
1913.07,693,UH-60A Black Hawk,Enemies,anapa1,,,HasEnteredTheArea,1,ICAO:URKA,Anapa-Vityazevo,,,,,,
1921.41,686,Mi-8MT Hip,Allies,bravo6,,,HasBeenHitBy,1,692,AGM-65D Maverick,Enemies,,,,638,A-10C Thunderbolt II,Enemies,Hobo 1-1 | Flatline,,
1921.48,686,Mi-8MT Hip,Allies,bravo6,,,HasBeenDestroyed,1,638,A-10C Thunderbolt II,Enemies,Hobo 1-1 | Flatline,,,,,,
1921.79,687,Mi-8MT Hip,Allies,bravo4,,,HasBeenDestroyed,1,,,,,,,,
1922.96,55,T-90,Allies,CJTF_RED gnd 7 unit3,,,HasBeenHitBy,1,690,AGM-65D Maverick,Enemies,,,,638,A-10C Thunderbolt II,Enemies,Hobo 1-1 | Flatline,,
1923.05,55,T-90,Allies,CJTF_RED gnd 7 unit3,,,HasBeenDestroyed,1,638,A-10C Thunderbolt II,Enemies,Hobo 1-1 | Flatline,,,,,,
1935.97,774,F-16C Fighting Falcon,Enemies,Jackass 1-1 | Tecnam,,,HasEnteredTheArea,1,ICAO:URKA,Anapa-Vityazevo,,,,,,
1942.57,241,F/A-18C Hornet,Enemies,Loaf 1-1,,,HasLanded,1,ICAO:URKA,Anapa-Vityazevo,,,,,,
1951.05,644,Mi-24P Hind-F,Enemies,Daddy [67],,,HasFired,1,775,Ataka_9M220,Enemies,,,,,,,
1959.19,683,Mi-8MT Hip,Allies,bravo1,,,HasBeenHitBy,1,775,Ataka_9M220,Enemies,,,,644,Mi-24P Hind-F,Enemies,Daddy [67],,
1978.24,644,Mi-24P Hind-F,Enemies,Daddy [67],,,HasFired,21,784,weapons.shells.GSh_30_2K_AP,Enemies,,,,,,,
1978.90,780,A-10A Thunderbolt II,Enemies,Spear 1-2 | Geert,,,HasEnteredTheArea,1,ICAO:URKA,Anapa-Vityazevo,,,,,,
1980.24,683,Mi-8MT Hip,Allies,bravo1,,,HasBeenHitBy,3,784,weapons.shells.GSh_30_2K_AP,Enemies,,,,644,Mi-24P Hind-F,Enemies,Daddy [67],,
1984.46,639,F/A-18C Hornet,Enemies,ColdShoulder,,,HasTakenOff,1,11,CVN-74 John Stennis,Enemies,CVN-74,,,,,,
1988.72,644,Mi-24P Hind-F,Enemies,Daddy [67],,,HasFired,25,816,weapons.shells.GSh_30_2K_AP,Enemies,,,,,,,
1995.84,683,Mi-8MT Hip,Allies,bravo1,,,HasBeenHitBy,1,816,weapons.shells.GSh_30_2K_AP,Enemies,,,,644,Mi-24P Hind-F,Enemies,Daddy [67],,
1996.02,683,Mi-8MT Hip,Allies,bravo1,,,HasBeenDestroyed,1,644,Mi-24P Hind-F,Enemies,Daddy [67],,,,,,
1999.77,645,F/A-18C Hornet,Enemies,Cumeleo,,,HasTakenOff,1,11,CVN-74 John Stennis,Enemies,CVN-74,,,,,,
2003.07,823,Su-27 Flanker,Allies,Aerial-1-9,,,HasEnteredTheArea,1,ICAO:URKK,Krasnodar-Pashkovsky,,,,,,
2003.10,824,Mi-8MT Hip,Allies,krym12,,,HasEnteredTheArea,1,ICAO:URKW,Krymsk,,,,,,
2013.07,825,Mi-8MT Hip,Allies,krym1-1-2-1-1-1-2-2-2-1-1-2-2,,,HasEnteredTheArea,1,5,Invisible FARP,Enemies,,,,,,,
2018.70,62,SA-9 Gaskin,Allies,CJTF_RED gnd 8 unit6,,,HasFired,1,826,SA9M31,Allies,,,,,,,
2021.99,640,F-16C Fighting Falcon,Enemies,Vanilla 1-1,,,HasFired,2,828,CBU-87 CEM,Enemies,,,,,,,
2023.57,828,CBU-87 CEM,Enemies,,,,HasBeenHitBy,1,826,SA9M31,Allies,,,,62,SA-9 Gaskin,Allies,CJTF_RED gnd 8 unit6,,
2023.65,62,SA-9 Gaskin,Allies,CJTF_RED gnd 8 unit6,,,HasFired,1,829,SA9M31,Allies,,,,,,,
2023.75,640,F-16C Fighting Falcon,Enemies,Vanilla 1-1,,,HasBeenDestroyed,1,,,,,,,,
2026.51,827,CBU-87 CEM,Enemies,,,,HasFired,1,830,CBU-87 CEM Bomblets,Enemies,,,,640,F-16C Fighting Falcon,Enemies,Vanilla 1-1,,
2026.61,828,CBU-87 CEM,Enemies,,,,HasFired,1,831,CBU-87 CEM Bomblets,Enemies,,,,640,F-16C Fighting Falcon,Enemies,Vanilla 1-1,,
2026.61,829,SA9M31,Allies,,,,HasBeenHitBy,1,828,CBU-87 CEM,Enemies,,,,640,F-16C Fighting Falcon,Enemies,Vanilla 1-1,,
2029.66,829,SA9M31,Allies,,,,HasBeenDestroyed,1,,,,,,,,
2030.48,62,SA-9 Gaskin,Allies,CJTF_RED gnd 8 unit6,,,HasBeenHitBy,1,830,CBU-87 CEM Bomblets,Enemies,,,,640,F-16C Fighting Falcon,Enemies,Vanilla 1-1,,
2030.72,62,SA-9 Gaskin,Allies,CJTF_RED gnd 8 unit6,,,HasBeenDestroyed,1,830,CBU-87 CEM Bomblets,Enemies,,,,640,F-16C Fighting Falcon,Enemies,Vanilla 1-1,,
2030.77,60,SA-3 Goa (LN),Allies,CJTF_RED gnd 8 unit4,,,HasBeenHitBy,1,831,CBU-87 CEM Bomblets,Enemies,,,,640,F-16C Fighting Falcon,Enemies,Vanilla 1-1,,
2063.25,832,F-16C Fighting Falcon,Enemies,Vanilla 1-1,,,HasEnteredTheArea,1,ICAO:URKA,Anapa-Vityazevo,,,,,,
2114.98,239,F-16C Fighting Falcon,Enemies,[RVN] Raven 1-2 | phrozen,,,HasTakenOff,1,ICAO:URKA,Anapa-Vityazevo,,,,,,
2123.57,638,A-10C Thunderbolt II,Enemies,Hobo 1-1 | Flatline,,,HasFired,1,839,AGR_20_M282,Enemies,,,,,,,
2124.57,691,F/A-18C Hornet,Enemies,Geodeda,,,HasTakenOff,1,ICAO:URKA,Anapa-Vityazevo,,,,,,
2133.11,842,Mi-8MT Hip,Allies,krym1-1-2-1-2-1,,,HasEnteredTheArea,1,ICAO:URKW,Krymsk,,,,,,
2134.75,644,Mi-24P Hind-F,Enemies,Daddy [67],,,HasFired,1,845,Ataka_9M220,Enemies,,,,,,,
2135.86,638,A-10C Thunderbolt II,Enemies,Hobo 1-1 | Flatline,,,HasFired,1,846,AGR_20_M282,Enemies,,,,,,,
2137.96,858,NASAMS_LN_C,Enemies,NASAMS Battery-30489#001-05,,,HasEnteredTheArea,1,,,,,,,,
2137.96,857,NASAMS_LN_C,Enemies,NASAMS Battery-30489#001-04,,,HasEnteredTheArea,1,,,,,,,,
2137.96,856,NASAMS_LN_C,Enemies,NASAMS Battery-30489#001-03,,,HasEnteredTheArea,1,,,,,,,,
2137.96,855,SA-6 Gainful (LN),Enemies,NASAMS Battery-30489#001-02,,,HasEnteredTheArea,1,,,,,,,,
2137.96,854,NASAMS_Command_Post,Enemies,NASAMS Battery-30489#001-01,,,HasEnteredTheArea,1,,,,,,,,
2137.96,853,M113,Enemies,Stryker ATGM-39983#001-01,,,HasEnteredTheArea,1,,,,,,,,
2147.50,60,SA-3 Goa (LN),Allies,CJTF_RED gnd 8 unit4,,,HasBeenHitBy,1,845,Ataka_9M220,Enemies,,,,644,Mi-24P Hind-F,Enemies,Daddy [67],,
2147.56,60,SA-3 Goa (LN),Allies,CJTF_RED gnd 8 unit4,,,HasBeenDestroyed,1,644,Mi-24P Hind-F,Enemies,Daddy [67],,,,,,
2153.07,887,Mi-8MT Hip,Allies,krym1-1-2-1-1-1-1,,,HasEnteredTheArea,1,,,,,,,,
2155.67,61,Ural-375,Allies,CJTF_RED gnd 8 unit5,,,HasBeenHitBy,1,839,AGR_20_M282,Enemies,,,,638,A-10C Thunderbolt II,Enemies,Hobo 1-1 | Flatline,,
2157.60,644,Mi-24P Hind-F,Enemies,Daddy [67],,,HasFired,1,896,Ataka_9M220,Enemies,,,,,,,
2162.04,49,SA-18 Grouse,Allies,CJTF_RED gnd 6 unit3,,,HasBeenHitBy,1,846,AGR_20_M282,Enemies,,,,638,A-10C Thunderbolt II,Enemies,Hobo 1-1 | Flatline,,
2162.23,49,SA-18 Grouse,Allies,CJTF_RED gnd 6 unit3,,,HasBeenDestroyed,1,638,A-10C Thunderbolt II,Enemies,Hobo 1-1 | Flatline,,,,,,
2166.46,59,SA-3 Goa (LN),Allies,CJTF_RED gnd 8 unit3,,,HasBeenHitBy,1,896,Ataka_9M220,Enemies,,,,644,Mi-24P Hind-F,Enemies,Daddy [67],,
2166.53,59,SA-3 Goa (LN),Allies,CJTF_RED gnd 8 unit3,,,HasBeenDestroyed,1,644,Mi-24P Hind-F,Enemies,Daddy [67],,,,,,
2248.54,638,A-10C Thunderbolt II,Enemies,Hobo 1-1 | Flatline,,,HasFired,119,934,weapons.shells.GAU8_30_HE,Enemies,,,,,,,
2253.08,1035,ZSU-23-4 Shilka,Allies,CJTF_RED gnd 39 unit2,,,HasEnteredTheArea,1,,,,,,,,
2253.08,1034,BTR-80,Allies,CJTF_RED gnd 39 unit1,,,HasEnteredTheArea,1,,,,,,,,
2253.11,1037,T-90,Allies,CJTF_RED gnd 39 unit4,,,HasEnteredTheArea,1,,,,,,,,
2253.11,1036,T-90,Allies,CJTF_RED gnd 39 unit3,,,HasEnteredTheArea,1,,,,,,,,
2253.11,651,Mi-8MT Hip,Allies,krym1-1-2-1-1-1-2-2-2-1-1-2,,,HasBeenDestroyed,1,,,,,,,,
2254.12,644,Mi-24P Hind-F,Enemies,Daddy [67],,,HasFired,1,1038,Ataka_9M220,Enemies,,,,,,,
2256.74,52,Infantry AK,Allies,CJTF_RED gnd 6 unit6,,,HasBeenHitBy,2,934,weapons.shells.GAU8_30_HE,Enemies,,,,638,A-10C Thunderbolt II,Enemies,Hobo 1-1 | Flatline,,
2259.47,638,A-10C Thunderbolt II,Enemies,Hobo 1-1 | Flatline,,,HasFired,82,1043,weapons.shells.GAU8_30_HE,Enemies,,,,,,,
2263.28,61,Ural-375,Allies,CJTF_RED gnd 8 unit5,,,HasBeenHitBy,1,1038,Ataka_9M220,Enemies,,,,644,Mi-24P Hind-F,Enemies,Daddy [67],,
2263.28,52,Infantry AK,Allies,CJTF_RED gnd 6 unit6,,,HasBeenHitBy,9,1044,weapons.shells.GAU8_30_AP,Enemies,,,,638,A-10C Thunderbolt II,Enemies,Hobo 1-1 | Flatline,,
2263.39,61,Ural-375,Allies,CJTF_RED gnd 8 unit5,,,HasBeenDestroyed,1,644,Mi-24P Hind-F,Enemies,Daddy [67],,,,,,
2264.92,48,Infantry AK,Allies,CJTF_RED gnd 6 unit2,,,HasBeenHitBy,1,1096,weapons.shells.GAU8_30_AP,Enemies,,,,638,A-10C Thunderbolt II,Enemies,Hobo 1-1 | Flatline,,
2266.61,638,A-10C Thunderbolt II,Enemies,Hobo 1-1 | Flatline,,,HasFired,62,1148,weapons.shells.GAU8_30_AP,Enemies,,,,,,,
2268.77,51,Infantry AK,Allies,CJTF_RED gnd 6 unit5,,,HasBeenHitBy,9,1148,weapons.shells.GAU8_30_AP,Enemies,,,,638,A-10C Thunderbolt II,Enemies,Hobo 1-1 | Flatline,,
2269.35,48,Infantry AK,Allies,CJTF_RED gnd 6 unit2,,,HasBeenHitBy,2,1185,weapons.shells.GAU8_30_AP,Enemies,,,,638,A-10C Thunderbolt II,Enemies,Hobo 1-1 | Flatline,,
2273.12,1200,ATZ-5,Allies,foxtrot-echo-attack-1-1,,,HasEnteredTheArea,1,,,,,,,,
2273.12,1199,ATZ-5,Allies,oil-krymsk-1,,,HasEnteredTheArea,1,,,,,,,,
2273.12,1198,ATZ-5,Allies,oil-krymsk-2,,,HasEnteredTheArea,1,,,,,,,,
2273.12,1197,ATZ-5,Allies,oil-krymsk-3,,,HasEnteredTheArea,1,,,,,,,,
2277.31,691,F/A-18C Hornet,Enemies,Geodeda,,,HasFired,1,1207,AGM-88 HARM,Enemies,,,,,,,
2279.10,645,F/A-18C Hornet,Enemies,Cumeleo,,,HasFired,1,1210,AIM-9X Sidewinder,Enemies,,,,,,,
2279.51,644,Mi-24P Hind-F,Enemies,Daddy [67],,,HasFired,1,1211,Ataka_9M120,Enemies,,,,,,,
2282.84,682,Mi-8MT Hip,Allies,krym1,,,HasBeenHitBy,1,1210,AIM-9X Sidewinder,Enemies,,,,645,F/A-18C Hornet,Enemies,Cumeleo,,
2283.06,1222,UH-60A Black Hawk,Enemies,anapa2,,,HasEnteredTheArea,1,ICAO:URKA,Anapa-Vityazevo,,,,,,
2283.09,691,F/A-18C Hornet,Enemies,Geodeda,,,HasFired,1,1223,AGM-88 HARM,Enemies,,,,,,,
2287.58,682,Mi-8MT Hip,Allies,krym1,,,HasBeenDestroyed,1,645,F/A-18C Hornet,Enemies,Cumeleo,,,,,,
2288.99,1211,Ataka_9M120,Enemies,,,,HasBeenDestroyed,1,,,,,,,,
2296.70,239,F-16C Fighting Falcon,Enemies,[RVN] Raven 1-2 | phrozen,,,HasFired,1,1224,AGM-88 HARM,Enemies,,,,,,,
2296.98,193,SA-15 Gauntlet,Allies,CJTF_RED gnd 30 unit1,,,HasFired,1,1225,9M330,Allies,,,,,,,
2300.27,644,Mi-24P Hind-F,Enemies,Daddy [67],,,HasFired,30,1235,S-8,Enemies,,,,,,,
2300.60,193,SA-15 Gauntlet,Allies,CJTF_RED gnd 30 unit1,,,HasFired,1,1236,9M330,Allies,,,,,,,
2302.63,47,Infantry AK,Allies,CJTF_RED gnd 6 unit1,,,HasBeenHitBy,2,1234,S-8,Enemies,,,,644,Mi-24P Hind-F,Enemies,Daddy [67],,
2303.71,52,Infantry AK,Allies,CJTF_RED gnd 6 unit6,,,HasBeenHitBy,6,1239,S-8,Enemies,,,,644,Mi-24P Hind-F,Enemies,Daddy [67],,
2303.79,52,Infantry AK,Allies,CJTF_RED gnd 6 unit6,,,HasBeenDestroyed,1,644,Mi-24P Hind-F,Enemies,Daddy [67],,,,,,
2305.34,52,Infantry AK,Allies,CJTF_RED gnd 6 unit6,,,HasBeenHitBy,3,1247,S-8,Enemies,,,,644,Mi-24P Hind-F,Enemies,Daddy [67],,
2305.54,51,Infantry AK,Allies,CJTF_RED gnd 6 unit5,,,HasBeenHitBy,1,1249,S-8,Enemies,,,,644,Mi-24P Hind-F,Enemies,Daddy [67],,
2306.27,1225,9M330,Allies,,,,HasBeenDestroyed,1,,,,,,,,
2306.63,1236,9M330,Allies,,,,HasBeenDestroyed,1,,,,,,,,
2306.93,51,Infantry AK,Allies,CJTF_RED gnd 6 unit5,,,HasBeenHitBy,8,1251,S-8,Enemies,,,,644,Mi-24P Hind-F,Enemies,Daddy [67],,
2306.97,51,Infantry AK,Allies,CJTF_RED gnd 6 unit5,,,HasBeenDestroyed,1,644,Mi-24P Hind-F,Enemies,Daddy [67],,,,,,
2308.14,47,Infantry AK,Allies,CJTF_RED gnd 6 unit1,,,HasFired,5,1263,weapons.shells.5_45x39,Allies,,,,,,,
2308.51,47,Infantry AK,Allies,CJTF_RED gnd 6 unit1,,,HasBeenHitBy,2,1262,S-8,Enemies,,,,644,Mi-24P Hind-F,Enemies,Daddy [67],,
2309.03,239,F-16C Fighting Falcon,Enemies,[RVN] Raven 1-2 | phrozen,,,HasFired,1,1268,AGM-88 HARM,Enemies,,,,,,,
2310.29,47,Infantry AK,Allies,CJTF_RED gnd 6 unit1,,,HasBeenHitBy,8,1270,S-8,Enemies,,,,644,Mi-24P Hind-F,Enemies,Daddy [67],,
2314.32,239,F-16C Fighting Falcon,Enemies,[RVN] Raven 1-2 | phrozen,,,HasFired,1,1279,AGM-88 HARM,Enemies,,,,,,,
2316.24,195,SA-15 Gauntlet,Allies,CJTF_RED gnd 30 unit3,,,HasBeenHitBy,1,1207,AGM-88 HARM,Enemies,,,,691,F/A-18C Hornet,Enemies,Geodeda,,
2318.36,193,SA-15 Gauntlet,Allies,CJTF_RED gnd 30 unit1,,,HasFired,1,1282,9M330,Allies,,,,,,,
2320.37,1282,9M330,Allies,,,,HasBeenDestroyed,1,,,,,,,,
2322.62,239,F-16C Fighting Falcon,Enemies,[RVN] Raven 1-2 | phrozen,,,HasFired,1,1287,AGM-88 HARM,Enemies,,,,,,,
2339.94,1223,AGM-88 HARM,Enemies,,,,HasBeenDestroyed,1,,,,,,,,
2340.52,193,SA-15 Gauntlet,Allies,CJTF_RED gnd 30 unit1,,,HasBeenHitBy,1,1224,AGM-88 HARM,Enemies,,,,239,F-16C Fighting Falcon,Enemies,[RVN] Raven 1-2 | phrozen,,
2340.65,193,SA-15 Gauntlet,Allies,CJTF_RED gnd 30 unit1,,,HasBeenDestroyed,1,239,F-16C Fighting Falcon,Enemies,[RVN] Raven 1-2 | phrozen,,,,,,
2343.08,274,MiG-29S Fulcrum-C,Allies,Aerial-1-7,,,HasLeftTheArea,1,ICAO:URKK,Krasnodar-Pashkovsky,,,,,,
2343.08,275,MiG-29S Fulcrum-C,Allies,kras11-1,,,HasLeftTheArea,1,ICAO:URKK,Krasnodar-Pashkovsky,,,,,,
2344.45,645,F/A-18C Hornet,Enemies,Cumeleo,,,HasFired,1,1288,AIM-9X Sidewinder,Enemies,,,,,,,
2348.24,644,Mi-24P Hind-F,Enemies,Daddy [67],,,HasFired,10,1290,S-8,Enemies,,,,,,,
2350.30,48,Infantry AK,Allies,CJTF_RED gnd 6 unit2,,,HasBeenHitBy,10,1289,S-8,Enemies,,,,644,Mi-24P Hind-F,Enemies,Daddy [67],,
2351.37,48,Infantry AK,Allies,CJTF_RED gnd 6 unit2,,,HasBeenDestroyed,1,644,Mi-24P Hind-F,Enemies,Daddy [67],,,,,,
2351.40,192,SA-19 Grison,Allies,CJTF_RED gnd 29 unit8,,,HasBeenHitBy,1,1268,AGM-88 HARM,Enemies,,,,239,F-16C Fighting Falcon,Enemies,[RVN] Raven 1-2 | phrozen,,
2353.63,47,Infantry AK,Allies,CJTF_RED gnd 6 unit1,,,HasFired,21,1312,weapons.shells.5_45x39,Allies,,,,,,,
2355.69,195,SA-15 Gauntlet,Allies,CJTF_RED gnd 30 unit3,,,HasBeenHitBy,1,1279,AGM-88 HARM,Enemies,,,,239,F-16C Fighting Falcon,Enemies,[RVN] Raven 1-2 | phrozen,,
2355.82,195,SA-15 Gauntlet,Allies,CJTF_RED gnd 30 unit3,,,HasBeenDestroyed,1,239,F-16C Fighting Falcon,Enemies,[RVN] Raven 1-2 | phrozen,,,,,,
2356.97,644,Mi-24P Hind-F,Enemies,Daddy [67],,,HasBeenHitBy,1,1312,weapons.shells.5_45x39,Allies,,,,47,Infantry AK,Allies,CJTF_RED gnd 6 unit1,,
2359.22,644,Mi-24P Hind-F,Enemies,Daddy [67],,,HasBeenHitBy,2,1324,weapons.shells.5_45x39_NOtr,Allies,,,,47,Infantry AK,Allies,CJTF_RED gnd 6 unit1,,
2360.61,192,SA-19 Grison,Allies,CJTF_RED gnd 29 unit8,,,HasFired,1,1329,SA9M311,Allies,,,,,,,
2361.08,644,Mi-24P Hind-F,Enemies,Daddy [67],,,HasBeenHitBy,2,1335,weapons.shells.5_45x39_NOtr,Allies,,,,47,Infantry AK,Allies,CJTF_RED gnd 6 unit1,,
2361.98,1287,AGM-88 HARM,Enemies,,,,HasBeenDestroyed,1,,,,,,,,
2365.58,823,Su-27 Flanker,Allies,Aerial-1-9,,,HasTakenOff,1,ICAO:URKK,Krasnodar-Pashkovsky,,,,,,
2366.89,47,Infantry AK,Allies,CJTF_RED gnd 6 unit1,,,HasFired,1,1341,weapons.shells.5_45x39_NOtr,Allies,,,,,,,
2374.71,187,SA-13 Gopher,Allies,CJTF_RED gnd 29 unit3,,,HasFired,1,1346,SA9M333,Allies,,,,,,,
2375.59,1329,SA9M311,Allies,,,,HasBeenDestroyed,1,,,,,,,,
2379.52,1288,AIM-9X Sidewinder,Enemies,,,,HasBeenDestroyed,1,,,,,,,,
2383.08,1347,Mi-8MT Hip,Allies,krym12-1,,,HasEnteredTheArea,1,ICAO:URKW,Krymsk,,,,,,
2384.22,689,A-10A Thunderbolt II,Enemies,rocketboy11,,,HasTakenOff,1,ICAO:URKA,Anapa-Vityazevo,,,,,,
2385.26,691,F/A-18C Hornet,Enemies,Geodeda,,,HasFired,1,1348,AGM-88 HARM,Enemies,,,,,,,
2386.40,780,A-10A Thunderbolt II,Enemies,Spear 1-2 | Geert,,,HasTakenOff,1,ICAO:URKA,Anapa-Vityazevo,,,,,,
2386.46,638,A-10C Thunderbolt II,Enemies,Hobo 1-1 | Flatline,,,HasFired,108,1349,weapons.shells.GAU8_30_AP,Enemies,,,,,,,
2395.72,1346,SA9M333,Allies,,,,HasBeenDestroyed,1,,,,,,,,
2403.72,691,F/A-18C Hornet,Enemies,Geodeda,,,HasFired,1,1457,AGM-88 HARM,Enemies,,,,,,,
2417.45,186,Ural-375,Allies,CJTF_RED gnd 29 unit2,,,HasBeenHitBy,1,1348,AGM-88 HARM,Enemies,,,,691,F/A-18C Hornet,Enemies,Geodeda,,
2417.45,192,SA-19 Grison,Allies,CJTF_RED gnd 29 unit8,,,HasBeenDestroyed,1,239,F-16C Fighting Falcon,Enemies,[RVN] Raven 1-2 | phrozen,,,,,,
2423.35,645,F/A-18C Hornet,Enemies,Cumeleo,,,HasFired,1,1458,AIM-120C AMRAAM,Enemies,,,,,,,
2424.08,644,Mi-24P Hind-F,Enemies,Daddy [67],,,HasFired,27,1466,weapons.shells.GSh_30_2K_HE_Tr,Enemies,,,,,,,
2425.21,645,F/A-18C Hornet,Enemies,Cumeleo,,,HasBeenHitBy,1,1458,AIM-120C AMRAAM,Enemies,,,,,,,
2426.25,174,BTR-80,Allies,CJTF_RED gnd 27 unit1,,,HasBeenHitBy,1,1457,AGM-88 HARM,Enemies,,,,691,F/A-18C Hornet,Enemies,Geodeda,,
2429.82,47,Infantry AK,Allies,CJTF_RED gnd 6 unit1,,,HasBeenHitBy,2,1466,weapons.shells.GSh_30_2K_HE_Tr,Enemies,,,,644,Mi-24P Hind-F,Enemies,Daddy [67],,
2430.84,47,Infantry AK,Allies,CJTF_RED gnd 6 unit1,,,HasBeenDestroyed,1,644,Mi-24P Hind-F,Enemies,Daddy [67],,,,,,
2432.58,47,Infantry AK,Allies,CJTF_RED gnd 6 unit1,,,HasBeenHitBy,1,1478,weapons.shells.GSh_30_2K_HE,Enemies,,,,644,Mi-24P Hind-F,Enemies,Daddy [67],,
2438.65,645,F/A-18C Hornet,Enemies,Cumeleo,,,HasFired,1,1486,AIM-120C AMRAAM,Enemies,,,,,,,
2440.88,1486,AIM-120C AMRAAM,Enemies,,,,HasBeenDestroyed,1,,,,,,,,
2464.79,231,SA-18 Grouse,Allies,CJTF_RED gnd 37 unit3,,,HasFired,1,1487,Igla-1E (SA-18),Allies,,,,,,,
2471.48,645,F/A-18C Hornet,Enemies,Cumeleo,,,HasBeenHitBy,1,1487,Igla-1E (SA-18),Allies,,,,231,SA-18 Grouse,Allies,CJTF_RED gnd 37 unit3,,
2471.51,645,F/A-18C Hornet,Enemies,Cumeleo,,,HasBeenDestroyed,1,231,SA-18 Grouse,Allies,CJTF_RED gnd 37 unit3,,,,,,
2475.04,1498,Parachutist,,,,,HasEnteredTheArea,1,,,,,,,,
2475.69,1498,Parachutist,,,,,HasBeenDestroyed,1,,,,,,,,
2504.19,1499,F/A-18C Hornet,Enemies,Cumeleo,,,HasEnteredTheArea,1,11,CVN-74 John Stennis,Enemies,CVN-74,,,,,,
2523.10,1505,M4 Infantry,Enemies,CJTF_BLUE gnd 40 unit6,,,HasEnteredTheArea,1,,,,,,,,
2523.10,1504,M4 Infantry,Enemies,CJTF_BLUE gnd 40 unit5,,,HasEnteredTheArea,1,,,,,,,,
2523.10,1503,Ural-375,Enemies,CJTF_BLUE gnd 40 unit4,,,HasEnteredTheArea,1,,,,,,,,
2523.10,1502,FIM-92 Stinger,Enemies,CJTF_BLUE gnd 40 unit3,,,HasEnteredTheArea,1,,,,,,,,
2523.10,1501,M4 Infantry,Enemies,CJTF_BLUE gnd 40 unit2,,,HasEnteredTheArea,1,,,,,,,,
2523.10,1500,M4 Infantry,Enemies,CJTF_BLUE gnd 40 unit1,,,HasEnteredTheArea,1,,,,,,,,
2523.12,693,UH-60A Black Hawk,Enemies,anapa1,,,HasBeenDestroyed,1,,,,,,,,
2539.01,832,F-16C Fighting Falcon,Enemies,Vanilla 1-1,,,HasTakenOff,1,ICAO:URKA,Anapa-Vityazevo,,,,,,
2541.93,644,Mi-24P Hind-F,Enemies,Daddy [67],,,HasBeenDestroyed,1,47,Infantry AK,Allies,CJTF_RED gnd 6 unit1,,,,,,
2542.97,241,F/A-18C Hornet,Enemies,Loaf 1-1,,,HasTakenOff,1,ICAO:URKA,Anapa-Vityazevo,,,,,,
2545.74,638,A-10C Thunderbolt II,Enemies,Hobo 1-1 | Flatline,,,HasFired,80,1514,weapons.shells.GAU8_30_AP,Enemies,,,,,,,
2550.14,50,Ural-375,Allies,CJTF_RED gnd 6 unit4,,,HasBeenHitBy,35,1520,weapons.shells.GAU8_30_AP,Enemies,,,,638,A-10C Thunderbolt II,Enemies,Hobo 1-1 | Flatline,,
2550.57,50,Ural-375,Allies,CJTF_RED gnd 6 unit4,,,HasBeenDestroyed,1,638,A-10C Thunderbolt II,Enemies,Hobo 1-1 | Flatline,,,,,,
2566.02,647,MiG-23MLD Flogger-K,Allies,kras12-1,,,HasLanded,1,ICAO:URKK,Krasnodar-Pashkovsky,,,,,,
2570.79,646,MiG-23MLD Flogger-K,Allies,Aerial-1-8,,,HasLanded,1,ICAO:URKK,Krasnodar-Pashkovsky,,,,,,
2573.11,1596,Kamaz,Allies,Ground-1-11,,,HasEnteredTheArea,1,,,,,,,,
2573.11,1595,Kamaz,Allies,Ground-1-13,,,HasEnteredTheArea,1,,,,,,,,
2573.11,1594,Kamaz,Allies,Ground-1-12,,,HasEnteredTheArea,1,,,,,,,,
2576.08,1597,Mi-24P Hind-F,Enemies,Daddy [67],,,HasEnteredTheArea,1,ICAO:URKA,Anapa-Vityazevo,,,,,,
2582.95,685,Su-25T Frogfoot,Enemies,Gryfas,,,HasTakenOff,1,ICAO:URKA,Anapa-Vityazevo,,,,,,
2587.61,685,Su-25T Frogfoot,Enemies,Gryfas,,,HasLanded,1,ICAO:URKA,Anapa-Vityazevo,,,,,,
2591.53,1598,Roland ADS,Enemies,CJTF_BLUE gnd 41 unit1,,,HasEnteredTheArea,1,,,,,,,,
2591.55,1599,M818,Enemies,CJTF_BLUE gnd 41 unit2,,,HasEnteredTheArea,1,,,,,,,,
2603.12,1601,MiG-29S Fulcrum-C,Allies,kras11-1,,,HasEnteredTheArea,1,ICAO:URKK,Krasnodar-Pashkovsky,,,,,,
2603.12,1600,MiG-29S Fulcrum-C,Allies,Aerial-1-7,,,HasEnteredTheArea,1,ICAO:URKK,Krasnodar-Pashkovsky,,,,,,
2605.42,239,F-16C Fighting Falcon,Enemies,[RVN] Raven 1-2 | phrozen,,,HasLanded,1,ICAO:URKA,Anapa-Vityazevo,,,,,,
2613.06,1602,Mi-8MT Hip,Allies,krym1-1,,,HasEnteredTheArea,1,ICAO:URKW,Krymsk,,,,,,
2628.14,1499,F/A-18C Hornet,Enemies,Cumeleo,,,HasTakenOff,1,11,CVN-74 John Stennis,Enemies,CVN-74,,,,,,
2639.45,241,F/A-18C Hornet,Enemies,Loaf 1-1,,,HasFired,1,1603,AGM-88 HARM,Enemies,,,,,,,
2640.34,241,F/A-18C Hornet,Enemies,Loaf 1-1,,,HasFired,1,1604,AGM-88 HARM,Enemies,,,,,,,
2642.46,241,F/A-18C Hornet,Enemies,Loaf 1-1,,,HasFired,1,1605,AGM-88 HARM,Enemies,,,,,,,
2646.45,241,F/A-18C Hornet,Enemies,Loaf 1-1,,,HasFired,1,1606,AGM-88 HARM,Enemies,,,,,,,
2653.44,187,SA-13 Gopher,Allies,CJTF_RED gnd 29 unit3,,,HasFired,1,1607,SA9M333,Allies,,,,,,,
2655.59,639,F/A-18C Hornet,Enemies,ColdShoulder,,,HasFired,1,1608,AIM-9X Sidewinder,Enemies,,,,,,,
2657.47,187,SA-13 Gopher,Allies,CJTF_RED gnd 29 unit3,,,HasFired,1,1613,SA9M333,Allies,,,,,,,
2657.66,183,SA-9 Gaskin,Allies,CJTF_RED gnd 28 unit6,,,HasFired,1,1616,SA9M31,Allies,,,,,,,
2659.34,639,F/A-18C Hornet,Enemies,ColdShoulder,,,HasBeenHitBy,1,1607,SA9M333,Allies,,,,187,SA-13 Gopher,Allies,CJTF_RED gnd 29 unit3,,
2659.34,639,F/A-18C Hornet,Enemies,ColdShoulder,,,HasBeenDestroyed,1,187,SA-13 Gopher,Allies,CJTF_RED gnd 29 unit3,,,,,,
2661.94,1613,SA9M333,Allies,,,,HasBeenDestroyed,1,,,,,,,,
2663.16,1608,AIM-9X Sidewinder,Enemies,,,,HasBeenDestroyed,1,,,,,,,,
2670.38,1616,SA9M31,Allies,,,,HasBeenDestroyed,1,,,,,,,,
2675.77,638,A-10C Thunderbolt II,Enemies,Hobo 1-1 | Flatline,,,HasFired,1,1642,AGR_20_M282,Enemies,,,,,,,
2681.23,1643,F/A-18C Hornet,Enemies,ColdShoulder,,,HasEnteredTheArea,1,11,CVN-74 John Stennis,Enemies,CVN-74,,,,,,
2691.67,1642,AGR_20_M282,Enemies,,,,HasBeenDestroyed,1,,,,,,,,
2713.10,1656,Mi-8MT Hip,Allies,krym23,,,HasEnteredTheArea,1,ICAO:URKW,Krymsk,,,,,,
2725.18,689,A-10A Thunderbolt II,Enemies,rocketboy11,,,HasFired,1,1657,AGM-65D Maverick,Enemies,,,,,,,
2736.58,211,T-90,Allies,CJTF_RED gnd 33 unit4,,,HasBeenHitBy,1,1657,AGM-65D Maverick,Enemies,,,,689,A-10A Thunderbolt II,Enemies,rocketboy11,,
2736.65,206,Infantry AK,Allies,CJTF_RED gnd 32 unit5,,,HasBeenDestroyed,1,,,,,,,,
2736.65,211,T-90,Allies,CJTF_RED gnd 33 unit4,,,HasBeenDestroyed,1,689,A-10A Thunderbolt II,Enemies,rocketboy11,,,,,,
2737.37,691,F/A-18C Hornet,Enemies,Geodeda,,,HasLanded,1,ICAO:URKA,Anapa-Vityazevo,,,,,,
2740.80,1606,AGM-88 HARM,Enemies,,,,HasBeenDestroyed,1,,,,,,,,
2742.21,1603,AGM-88 HARM,Enemies,,,,HasBeenDestroyed,1,,,,,,,,
2745.65,691,F/A-18C Hornet,Enemies,Geodeda,,,HasBeenDestroyed,1,,,,,,,,
2746.99,1604,AGM-88 HARM,Enemies,,,,HasBeenDestroyed,1,,,,,,,,
2749.08,1605,AGM-88 HARM,Enemies,,,,HasBeenDestroyed,1,,,,,,,,
2762.58,774,F-16C Fighting Falcon,Enemies,Jackass 1-1 | Tecnam,,,HasTakenOff,1,ICAO:URKA,Anapa-Vityazevo,,,,,,
2764.17,209,ZSU-23-4 Shilka,Allies,CJTF_RED gnd 33 unit2,,,HasFired,84,1661,weapons.shells.2A7_23_HE,Allies,,,,,,,
2767.27,823,Su-27 Flanker,Allies,Aerial-1-9,,,HasFired,1,1742,R-27ER (AA-10 Alamo-C),Allies,,,,,,,
2773.09,1743,Mi-8MT Hip,Allies,krym1-1-2-1-1-1-2-2-2-1-1,,,HasEnteredTheArea,1,5,Invisible FARP,Enemies,,,,,,,
2779.48,832,F-16C Fighting Falcon,Enemies,Vanilla 1-1,,,HasFired,1,1744,AIM-120C AMRAAM,Enemies,,,,,,,
2789.01,1643,F/A-18C Hornet,Enemies,ColdShoulder,,,HasTakenOff,1,11,CVN-74 John Stennis,Enemies,CVN-74,,,,,,
2790.43,638,A-10C Thunderbolt II,Enemies,Hobo 1-1 | Flatline,,,HasFired,1,1745,AGM-65D Maverick,Enemies,,,,,,,
2797.19,1749,MiG-29S Fulcrum-C,Allies,intercept2-1,,,HasEnteredTheArea,1,,,,,,,,
2797.19,1748,MiG-29S Fulcrum-C,Allies,intercept1-1-1,,,HasEnteredTheArea,1,,,,,,,,
2797.19,1747,Il-76MD Candid,Allies,intercept1,,,HasEnteredTheArea,1,,,,,,,,
2797.19,689,A-10A Thunderbolt II,Enemies,rocketboy11,,,HasFired,1,1746,AGM-65D Maverick,Enemies,,,,,,,
2800.63,638,A-10C Thunderbolt II,Enemies,Hobo 1-1 | Flatline,,,HasFired,1,1753,AGM-65D Maverick,Enemies,,,,,,,
2800.71,210,T-90,Allies,CJTF_RED gnd 33 unit3,,,HasBeenHitBy,1,1746,AGM-65D Maverick,Enemies,,,,689,A-10A Thunderbolt II,Enemies,rocketboy11,,
2800.76,210,T-90,Allies,CJTF_RED gnd 33 unit3,,,HasFired,43,1754,weapons.shells.Utes_12_7x108,Allies,,,,,,,
2800.79,209,ZSU-23-4 Shilka,Allies,CJTF_RED gnd 33 unit2,,,HasBeenDestroyed,1,,,,,,,,
2800.82,204,SA-18 Grouse,Allies,CJTF_RED gnd 32 unit3,,,HasBeenDestroyed,1,,,,,,,,
2809.98,1499,F/A-18C Hornet,Enemies,Cumeleo,,,HasFired,1,1811,AGM-88 HARM,Enemies,,,,,,,
2811.87,1742,R-27ER (AA-10 Alamo-C),Allies,,,,HasBeenDestroyed,1,,,,,,,,
2823.75,1744,AIM-120C AMRAAM,Enemies,,,,HasBeenDestroyed,1,,,,,,,,
2828.63,685,Su-25T Frogfoot,Enemies,Gryfas,,,HasTakenOff,1,ICAO:URKA,Anapa-Vityazevo,,,,,,
2829.86,175,ZSU-23-4 Shilka,Allies,CJTF_RED gnd 27 unit2,,,HasBeenHitBy,1,1745,AGM-65D Maverick,Enemies,,,,638,A-10C Thunderbolt II,Enemies,Hobo 1-1 | Flatline,,
2829.97,175,ZSU-23-4 Shilka,Allies,CJTF_RED gnd 27 unit2,,,HasBeenDestroyed,1,638,A-10C Thunderbolt II,Enemies,Hobo 1-1 | Flatline,,,,,,
2830.24,191,SA-6 Gainful (LN),Allies,CJTF_RED gnd 29 unit7,,,HasBeenDestroyed,1,,,,,,,,
2830.32,190,SA-6 Gainful (LN),Allies,CJTF_RED gnd 29 unit6,,,HasBeenDestroyed,1,,,,,,,,
2830.68,239,F-16C Fighting Falcon,Enemies,[RVN] Raven 1-2 | phrozen,,,HasTakenOff,1,ICAO:URKA,Anapa-Vityazevo,,,,,,
2831.63,187,SA-13 Gopher,Allies,CJTF_RED gnd 29 unit3,,,HasBeenHitBy,1,1753,AGM-65D Maverick,Enemies,,,,638,A-10C Thunderbolt II,Enemies,Hobo 1-1 | Flatline,,
2831.77,187,SA-13 Gopher,Allies,CJTF_RED gnd 29 unit3,,,HasBeenDestroyed,1,638,A-10C Thunderbolt II,Enemies,Hobo 1-1 | Flatline,,,,,,
2836.78,823,Su-27 Flanker,Allies,Aerial-1-9,,,HasFired,1,1825,R-27ET (AA-10 Alamo-D),Allies,,,,,,,
2845.45,832,F-16C Fighting Falcon,Enemies,Vanilla 1-1,,,HasBeenHitBy,1,1825,R-27ET (AA-10 Alamo-D),Allies,,,,823,Su-27 Flanker,Allies,Aerial-1-9,,
2845.45,832,F-16C Fighting Falcon,Enemies,Vanilla 1-1,,,HasBeenDestroyed,1,823,Su-27 Flanker,Allies,Aerial-1-9,,,,,,
2849.95,1499,F/A-18C Hornet,Enemies,Cumeleo,,,HasFired,1,1849,AIM-120C AMRAAM,Enemies,,,,,,,
2856.93,689,A-10A Thunderbolt II,Enemies,rocketboy11,,,HasFired,96,1850,weapons.shells.GAU8_30_AP,Enemies,,,,,,,
2859.13,200,Infantry AK,Allies,CJTF_RED gnd 31 unit5,,,HasBeenHitBy,9,1850,weapons.shells.GAU8_30_AP,Enemies,,,,689,A-10A Thunderbolt II,Enemies,rocketboy11,,
2861.43,200,Infantry AK,Allies,CJTF_RED gnd 31 unit5,,,HasBeenHitBy,14,1881,weapons.shells.GAU8_30_AP,Enemies,,,,689,A-10A Thunderbolt II,Enemies,rocketboy11,,
2862.05,200,Infantry AK,Allies,CJTF_RED gnd 31 unit5,,,HasBeenDestroyed,1,689,A-10A Thunderbolt II,Enemies,rocketboy11,,,,,,
2864.04,200,Infantry AK,Allies,CJTF_RED gnd 31 unit5,,,HasBeenHitBy,4,1918,weapons.shells.GAU8_30_AP,Enemies,,,,689,A-10A Thunderbolt II,Enemies,rocketboy11,,
2865.40,196,Infantry AK,Allies,CJTF_RED gnd 31 unit1,,,HasBeenHitBy,1,1929,weapons.shells.GAU8_30_HE,Enemies,,,,689,A-10A Thunderbolt II,Enemies,rocketboy11,,
2869.63,241,F/A-18C Hornet,Enemies,Loaf 1-1,,,HasFired,1,1946,AIM-120C AMRAAM,Enemies,,,,,,,
2873.08,1949,UH-60A Black Hawk,Enemies,anapa3,,,HasEnteredTheArea,1,ICAO:URKA,Anapa-Vityazevo,,,,,,
2876.52,1811,AGM-88 HARM,Enemies,,,,HasBeenDestroyed,1,,,,,,,,
2881.19,780,A-10A Thunderbolt II,Enemies,Spear 1-2 | Geert,,,HasFired,3,1954,CBU-87 CEM,Enemies,,,,,,,
2884.16,1954,CBU-87 CEM,Enemies,,,,HasFired,1,1959,CBU-87 CEM Bomblets,Enemies,,,,780,A-10A Thunderbolt II,Enemies,Spear 1-2 | Geert,,
2884.16,1953,CBU-87 CEM,Enemies,,,,HasFired,1,1958,CBU-87 CEM Bomblets,Enemies,,,,780,A-10A Thunderbolt II,Enemies,Spear 1-2 | Geert,,
2884.37,1955,CBU-87 CEM,Enemies,,,,HasFired,1,1960,CBU-87 CEM Bomblets,Enemies,,,,780,A-10A Thunderbolt II,Enemies,Spear 1-2 | Geert,,
2885.52,199,Ural-375,Allies,CJTF_RED gnd 31 unit4,,,HasBeenHitBy,1,1959,CBU-87 CEM Bomblets,Enemies,,,,780,A-10A Thunderbolt II,Enemies,Spear 1-2 | Geert,,
2885.59,780,A-10A Thunderbolt II,Enemies,Spear 1-2 | Geert,,,HasBeenHitBy,2,1958,CBU-87 CEM Bomblets,Enemies,,,,,,,
2886.83,1946,AIM-120C AMRAAM,Enemies,,,,HasBeenDestroyed,1,,,,,,,,
2888.27,210,T-90,Allies,CJTF_RED gnd 33 unit3,,,HasFired,17,1963,weapons.shells.Utes_12_7x108_T,Allies,,,,,,,
2889.16,241,F/A-18C Hornet,Enemies,Loaf 1-1,,,HasFired,1,1974,AIM-120C AMRAAM,Enemies,,,,,,,
2893.08,1983,Kamaz,Allies,factory-krymsk-supply-1-3,,,HasEnteredTheArea,1,,,,,,,,
2893.08,1982,Kamaz,Allies,factory-krymsk-supply-1-2,,,HasEnteredTheArea,1,,,,,,,,
2893.08,1981,Kamaz,Allies,factory-krymsk-supply-1-1,,,HasEnteredTheArea,1,,,,,,,,
2899.42,823,Su-27 Flanker,Allies,Aerial-1-9,,,HasBeenHitBy,1,1974,AIM-120C AMRAAM,Enemies,,,,241,F/A-18C Hornet,Enemies,Loaf 1-1,,
2899.56,823,Su-27 Flanker,Allies,Aerial-1-9,,,HasBeenDestroyed,1,241,F/A-18C Hornet,Enemies,Loaf 1-1,,,,,,
2902.01,1347,Mi-8MT Hip,Allies,krym12-1,,,HasBeenHitBy,1,1849,AIM-120C AMRAAM,Enemies,,,,1499,F/A-18C Hornet,Enemies,Cumeleo,,
2902.11,1347,Mi-8MT Hip,Allies,krym12-1,,,HasBeenDestroyed,1,1499,F/A-18C Hornet,Enemies,Cumeleo,,,,,,
2902.62,1989,Parachutist,,,,,HasEnteredTheArea,1,,,,,,,,
2903.09,1991,ZSU-23-4 Shilka,Allies,CJTF_RED gnd 42 unit2,,,HasEnteredTheArea,1,,,,,,,,
2903.09,1990,SA-13 Gopher,Allies,CJTF_RED gnd 42 unit1,,,HasEnteredTheArea,1,,,,,,,,
2903.09,824,Mi-8MT Hip,Allies,krym12,,,HasBeenDestroyed,1,,,,,,,,
2913.10,2003,M4 Infantry,Enemies,CJTF_BLUE gnd 43 unit6,,,HasEnteredTheArea,1,,,,,,,,
2913.10,2002,M4 Infantry,Enemies,CJTF_BLUE gnd 43 unit5,,,HasEnteredTheArea,1,,,,,,,,
2913.10,2001,Ural-375,Enemies,CJTF_BLUE gnd 43 unit4,,,HasEnteredTheArea,1,,,,,,,,
2913.10,2000,FIM-92 Stinger,Enemies,CJTF_BLUE gnd 43 unit3,,,HasEnteredTheArea,1,,,,,,,,
2913.10,1999,M4 Infantry,Enemies,CJTF_BLUE gnd 43 unit2,,,HasEnteredTheArea,1,,,,,,,,
2913.10,1998,M4 Infantry,Enemies,CJTF_BLUE gnd 43 unit1,,,HasEnteredTheArea,1,,,,,,,,
2913.10,1222,UH-60A Black Hawk,Enemies,anapa2,,,HasBeenDestroyed,1,,,,,,,,
2914.13,689,A-10A Thunderbolt II,Enemies,rocketboy11,,,HasFired,51,2005,weapons.shells.GAU8_30_AP,Enemies,,,,,,,
2914.99,210,T-90,Allies,CJTF_RED gnd 33 unit3,,,HasFired,75,2055,weapons.shells.Utes_12_7x108,Allies,,,,,,,
2915.25,205,Ural-375,Allies,CJTF_RED gnd 32 unit4,,,HasBeenHitBy,22,2005,weapons.shells.GAU8_30_AP,Enemies,,,,689,A-10A Thunderbolt II,Enemies,rocketboy11,,
2915.36,205,Ural-375,Allies,CJTF_RED gnd 32 unit4,,,HasBeenDestroyed,1,689,A-10A Thunderbolt II,Enemies,rocketboy11,,,,,,
2944.22,780,A-10A Thunderbolt II,Enemies,Spear 1-2 | Geert,,,HasFired,13,2137,weapons.shells.GAU8_30_AP,Enemies,,,,,,,
2947.33,780,A-10A Thunderbolt II,Enemies,Spear 1-2 | Geert,,,HasFired,8,2150,M151 (HE),Enemies,,,,,,,
2951.22,199,Ural-375,Allies,CJTF_RED gnd 31 unit4,,,HasBeenHitBy,7,2149,M151 (HE),Enemies,,,,780,A-10A Thunderbolt II,Enemies,Spear 1-2 | Geert,,
2951.40,196,Infantry AK,Allies,CJTF_RED gnd 31 unit1,,,HasBeenHitBy,1,2156,M151 (HE),Enemies,,,,780,A-10A Thunderbolt II,Enemies,Spear 1-2 | Geert,,
2951.89,780,A-10A Thunderbolt II,Enemies,Spear 1-2 | Geert,,,HasFired,6,2158,M151 (HE),Enemies,,,,,,,
2953.05,2164,ZSU-23-4 Shilka,Allies,CJTF_RED gnd 44 unit2,,,HasEnteredTheArea,1,,,,,,,,
2953.05,2163,BTR-80,Allies,CJTF_RED gnd 44 unit1,,,HasEnteredTheArea,1,,,,,,,,
2953.07,2166,T-90,Allies,CJTF_RED gnd 44 unit4,,,HasEnteredTheArea,1,,,,,,,,
2953.07,2165,T-90,Allies,CJTF_RED gnd 44 unit3,,,HasEnteredTheArea,1,,,,,,,,
2953.07,825,Mi-8MT Hip,Allies,krym1-1-2-1-1-1-2-2-2-1-1-2-2,,,HasBeenDestroyed,1,,,,,,,,
2954.11,210,T-90,Allies,CJTF_RED gnd 33 unit3,,,HasFired,60,2187,weapons.shells.7_62x54_NOTRACER,Allies,,,,,,,
2954.64,196,Infantry AK,Allies,CJTF_RED gnd 31 unit1,,,HasBeenDestroyed,1,780,A-10A Thunderbolt II,Enemies,Spear 1-2 | Geert,,,,,,
2954.80,199,Ural-375,Allies,CJTF_RED gnd 31 unit4,,,HasBeenHitBy,4,2158,M151 (HE),Enemies,,,,780,A-10A Thunderbolt II,Enemies,Spear 1-2 | Geert,,
2957.95,780,A-10A Thunderbolt II,Enemies,Spear 1-2 | Geert,,,HasBeenHitBy,3,2187,weapons.shells.7_62x54_NOTRACER,Allies,,,,210,T-90,Allies,CJTF_RED gnd 33 unit3,,
2958.85,780,A-10A Thunderbolt II,Enemies,Spear 1-2 | Geert,,,HasFired,107,2219,weapons.shells.GAU8_30_AP,Enemies,,,,,,,
2959.84,780,A-10A Thunderbolt II,Enemies,Spear 1-2 | Geert,,,HasBeenHitBy,18,2207,weapons.shells.Utes_12_7x108,Allies,,,,210,T-90,Allies,CJTF_RED gnd 33 unit3,,
2960.04,210,T-90,Allies,CJTF_RED gnd 33 unit3,,,HasBeenHitBy,6,2219,weapons.shells.GAU8_30_AP,Enemies,,,,780,A-10A Thunderbolt II,Enemies,Spear 1-2 | Geert,,
2962.03,210,T-90,Allies,CJTF_RED gnd 33 unit3,,,HasBeenHitBy,45,2273,weapons.shells.GAU8_30_HE,Enemies,,,,780,A-10A Thunderbolt II,Enemies,Spear 1-2 | Geert,,
2962.65,210,T-90,Allies,CJTF_RED gnd 33 unit3,,,HasBeenDestroyed,1,780,A-10A Thunderbolt II,Enemies,Spear 1-2 | Geert,,,,,,
2971.94,689,A-10A Thunderbolt II,Enemies,rocketboy11,,,HasFired,41,2336,weapons.shells.GAU8_30_HE,Enemies,,,,,,,
2972.76,199,Ural-375,Allies,CJTF_RED gnd 31 unit4,,,HasBeenDestroyed,1,689,A-10A Thunderbolt II,Enemies,rocketboy11,,,,,,
2972.78,199,Ural-375,Allies,CJTF_RED gnd 31 unit4,,,HasBeenHitBy,27,2335,weapons.shells.GAU8_30_AP,Enemies,,,,689,A-10A Thunderbolt II,Enemies,rocketboy11,,
2978.40,638,A-10C Thunderbolt II,Enemies,Hobo 1-1 | Flatline,,,HasFired,1,2375,AGM-65D Maverick,Enemies,,,,,,,
3021.87,774,F-16C Fighting Falcon,Enemies,Jackass 1-1 | Tecnam,,,HasFired,1,2376,AIM-120C AMRAAM,Enemies,,,,,,,
3024.81,181,SA-3 Goa (LN),Allies,CJTF_RED gnd 28 unit4,,,HasBeenHitBy,1,2375,AGM-65D Maverick,Enemies,,,,638,A-10C Thunderbolt II,Enemies,Hobo 1-1 | Flatline,,
3024.98,181,SA-3 Goa (LN),Allies,CJTF_RED gnd 28 unit4,,,HasBeenDestroyed,1,638,A-10C Thunderbolt II,Enemies,Hobo 1-1 | Flatline,,,,,,
3024.98,183,SA-9 Gaskin,Allies,CJTF_RED gnd 28 unit6,,,HasBeenDestroyed,1,,,,,,,,
3025.34,182,Ural-375,Allies,CJTF_RED gnd 28 unit5,,,HasBeenDestroyed,1,,,,,,,,
3054.83,1499,F/A-18C Hornet,Enemies,Cumeleo,,,HasFired,1,2377,AIM-120C AMRAAM,Enemies,,,,,,,
3066.99,1643,F/A-18C Hornet,Enemies,ColdShoulder,,,HasFired,1,2378,ADM-141A TALD,Enemies,,,,,,,
3067.01,239,F-16C Fighting Falcon,Enemies,[RVN] Raven 1-2 | phrozen,,,HasFired,1,2379,AGM-88 HARM,Enemies,,,,,,,
3067.79,1643,F/A-18C Hornet,Enemies,ColdShoulder,,,HasFired,1,2380,ADM-141A TALD,Enemies,,,,,,,
3068.04,1643,F/A-18C Hornet,Enemies,ColdShoulder,,,HasFired,1,2381,ADM-141A TALD,Enemies,,,,,,,
3068.24,1643,F/A-18C Hornet,Enemies,ColdShoulder,,,HasFired,1,2382,ADM-141A TALD,Enemies,,,,,,,
3068.58,1643,F/A-18C Hornet,Enemies,ColdShoulder,,,HasFired,1,2383,ADM-141A TALD,Enemies,,,,,,,
3068.75,1643,F/A-18C Hornet,Enemies,ColdShoulder,,,HasFired,1,2384,ADM-141A TALD,Enemies,,,,,,,
3068.95,774,F-16C Fighting Falcon,Enemies,Jackass 1-1 | Tecnam,,,HasFired,1,2385,AIM-9X Sidewinder,Enemies,,,,,,,
3070.21,1602,Mi-8MT Hip,Allies,krym1-1,,,HasBeenHitBy,1,2377,AIM-120C AMRAAM,Enemies,,,,1499,F/A-18C Hornet,Enemies,Cumeleo,,
3070.28,1602,Mi-8MT Hip,Allies,krym1-1,,,HasBeenDestroyed,1,1499,F/A-18C Hornet,Enemies,Cumeleo,,,,,,
3075.81,1656,Mi-8MT Hip,Allies,krym23,,,HasBeenHitBy,1,2385,AIM-9X Sidewinder,Enemies,,,,774,F-16C Fighting Falcon,Enemies,Jackass 1-1 | Tecnam,,
3077.98,1656,Mi-8MT Hip,Allies,krym23,,,HasBeenDestroyed,1,774,F-16C Fighting Falcon,Enemies,Jackass 1-1 | Tecnam,,,,,,
3095.38,774,F-16C Fighting Falcon,Enemies,Jackass 1-1 | Tecnam,,,HasFired,1,2401,AIM-120C AMRAAM,Enemies,,,,,,,
3100.86,170,SA-18 Grouse,Allies,CJTF_RED gnd 26 unit3,,,HasFired,1,2406,Igla-1E (SA-18),Allies,,,,,,,
3105.04,887,Mi-8MT Hip,Allies,krym1-1-2-1-1-1-1,,,HasBeenHitBy,1,2401,AIM-120C AMRAAM,Enemies,,,,774,F-16C Fighting Falcon,Enemies,Jackass 1-1 | Tecnam,,
3106.13,774,F-16C Fighting Falcon,Enemies,Jackass 1-1 | Tecnam,,,HasBeenHitBy,1,2406,Igla-1E (SA-18),Allies,,,,170,SA-18 Grouse,Allies,CJTF_RED gnd 26 unit3,,
3106.13,774,F-16C Fighting Falcon,Enemies,Jackass 1-1 | Tecnam,,,HasBeenDestroyed,1,170,SA-18 Grouse,Allies,CJTF_RED gnd 26 unit3,,,,,,
3107.69,887,Mi-8MT Hip,Allies,krym1-1-2-1-1-1-1,,,HasBeenDestroyed,1,774,F-16C Fighting Falcon,Enemies,Jackass 1-1 | Tecnam,,,,,,
3113.60,2376,AIM-120C AMRAAM,Enemies,,,,HasBeenDestroyed,1,,,,,,,,
3120.32,170,SA-18 Grouse,Allies,CJTF_RED gnd 26 unit3,,,HasFired,1,2415,Igla-1E (SA-18),Allies,,,,,,,
3123.05,2415,Igla-1E (SA-18),Allies,,,,HasBeenHitBy,1,2384,ADM-141A TALD,Enemies,,,,1643,F/A-18C Hornet,Enemies,ColdShoulder,,
3123.05,2384,ADM-141A TALD,Enemies,,,,HasBeenHitBy,1,2415,Igla-1E (SA-18),Allies,,,,170,SA-18 Grouse,Allies,CJTF_RED gnd 26 unit3,,
3133.05,646,MiG-23MLD Flogger-K,Allies,Aerial-1-8,,,HasLeftTheArea,1,ICAO:URKK,Krasnodar-Pashkovsky,,,,,,
3133.05,647,MiG-23MLD Flogger-K,Allies,kras12-1,,,HasLeftTheArea,1,ICAO:URKK,Krasnodar-Pashkovsky,,,,,,
3145.34,1600,MiG-29S Fulcrum-C,Allies,Aerial-1-7,,,HasTakenOff,1,ICAO:URKK,Krasnodar-Pashkovsky,,,,,,
3150.60,170,SA-18 Grouse,Allies,CJTF_RED gnd 26 unit3,,,HasFired,1,2416,Igla-1E (SA-18),Allies,,,,,,,
3153.08,2419,SA-18 Grouse,Allies,CJTF_RED gnd 45 unit3,,,HasEnteredTheArea,1,,,,,,,,
3153.08,2418,Infantry AK,Allies,CJTF_RED gnd 45 unit2,,,HasEnteredTheArea,1,,,,,,,,
3153.08,2417,Infantry AK,Allies,CJTF_RED gnd 45 unit1,,,HasEnteredTheArea,1,,,,,,,,
3153.11,2422,Infantry AK,Allies,CJTF_RED gnd 45 unit6,,,HasEnteredTheArea,1,,,,,,,,
3153.11,2421,Infantry AK,Allies,CJTF_RED gnd 45 unit5,,,HasEnteredTheArea,1,,,,,,,,
3153.11,2420,Ural-375,Allies,CJTF_RED gnd 45 unit4,,,HasEnteredTheArea,1,,,,,,,,
3153.11,842,Mi-8MT Hip,Allies,krym1-1-2-1-2-1,,,HasBeenDestroyed,1,,,,,,,,
3156.14,174,BTR-80,Allies,CJTF_RED gnd 27 unit1,,,HasFired,9,2423,weapons.shells.KPVT_14_5_T,Allies,,,,,,,
3156.21,1499,F/A-18C Hornet,Enemies,Cumeleo,,,HasBeenHitBy,1,2416,Igla-1E (SA-18),Allies,,,,170,SA-18 Grouse,Allies,CJTF_RED gnd 26 unit3,,
3156.75,1499,F/A-18C Hornet,Enemies,Cumeleo,,,HasBeenDestroyed,1,170,SA-18 Grouse,Allies,CJTF_RED gnd 26 unit3,,,,,,
3160.68,2434,Parachutist,,,,,HasEnteredTheArea,1,,,,,,,,
3161.11,1601,MiG-29S Fulcrum-C,Allies,kras11-1,,,HasTakenOff,1,ICAO:URKK,Krasnodar-Pashkovsky,,,,,,
3162.19,87,SA-9 Gaskin,Allies,CJTF_RED gnd 12 unit6,,,HasBeenHitBy,1,2379,AGM-88 HARM,Enemies,,,,239,F-16C Fighting Falcon,Enemies,[RVN] Raven 1-2 | phrozen,,
3162.28,82,SA-3 Goa (SR),Allies,CJTF_RED gnd 12 unit1,,,HasBeenDestroyed,1,,,,,,,,
3164.10,2435,F/A-18C Hornet,Enemies,Jackass 1-1 | Tecnam,,,HasEnteredTheArea,1,ICAO:URKA,Anapa-Vityazevo,,,,,,
3169.59,689,A-10A Thunderbolt II,Enemies,rocketboy11,,,HasFired,1,2436,AGM-65D Maverick,Enemies,,,,,,,
3177.33,239,F-16C Fighting Falcon,Enemies,[RVN] Raven 1-2 | phrozen,,,HasFired,1,2454,AGM-88 HARM,Enemies,,,,,,,
3182.94,239,F-16C Fighting Falcon,Enemies,[RVN] Raven 1-2 | phrozen,,,HasFired,1,2463,AGM-88 HARM,Enemies,,,,,,,
3189.69,689,A-10A Thunderbolt II,Enemies,rocketboy11,,,HasFired,1,2466,AGM-65D Maverick,Enemies,,,,,,,
3192.26,239,F-16C Fighting Falcon,Enemies,[RVN] Raven 1-2 | phrozen,,,HasFired,1,2469,AGM-88 HARM,Enemies,,,,,,,
3215.09,227,SA-9 Gaskin,Allies,CJTF_RED gnd 36 unit6,,,HasFired,1,2485,SA9M31,Allies,,,,,,,
3219.30,227,SA-9 Gaskin,Allies,CJTF_RED gnd 36 unit6,,,HasFired,1,2486,SA9M31,Allies,,,,,,,
3220.87,87,SA-9 Gaskin,Allies,CJTF_RED gnd 12 unit6,,,HasBeenDestroyed,1,239,F-16C Fighting Falcon,Enemies,[RVN] Raven 1-2 | phrozen,,,,,,
3221.26,225,SA-3 Goa (LN),Allies,CJTF_RED gnd 36 unit4,,,HasBeenHitBy,1,2436,AGM-65D Maverick,Enemies,,,,689,A-10A Thunderbolt II,Enemies,rocketboy11,,
3221.36,2486,SA9M31,Allies,,,,HasBeenDestroyed,1,,,,,,,,
3221.37,225,SA-3 Goa (LN),Allies,CJTF_RED gnd 36 unit4,,,HasBeenDestroyed,1,689,A-10A Thunderbolt II,Enemies,rocketboy11,,,,,,
3221.49,224,SA-3 Goa (LN),Allies,CJTF_RED gnd 36 unit3,,,HasBeenDestroyed,1,,,,,,,,
3225.78,226,Ural-375,Allies,CJTF_RED gnd 36 unit5,,,HasBeenHitBy,1,2466,AGM-65D Maverick,Enemies,,,,689,A-10A Thunderbolt II,Enemies,rocketboy11,,
3225.87,226,Ural-375,Allies,CJTF_RED gnd 36 unit5,,,HasBeenDestroyed,1,689,A-10A Thunderbolt II,Enemies,rocketboy11,,,,,,
3228.82,227,SA-9 Gaskin,Allies,CJTF_RED gnd 36 unit6,,,HasFired,1,2499,SA9M31,Allies,,,,,,,
3229.14,2485,SA9M31,Allies,,,,HasBeenDestroyed,1,,,,,,,,
3229.68,638,A-10C Thunderbolt II,Enemies,Hobo 1-1 | Flatline,,,HasFired,1,2500,AGR_20_M282,Enemies,,,,,,,
3233.07,220,T-90,Allies,CJTF_RED gnd 35 unit3,,,HasFired,12,2513,weapons.shells.Utes_12_7x108_T,Allies,,,,,,,
3234.09,221,T-90,Allies,CJTF_RED gnd 35 unit4,,,HasFired,33,2525,weapons.shells.Utes_12_7x108_T,Allies,,,,,,,
3234.53,227,SA-9 Gaskin,Allies,CJTF_RED gnd 36 unit6,,,HasFired,1,2531,SA9M31,Allies,,,,,,,
3234.58,218,BTR-80,Allies,CJTF_RED gnd 35 unit1,,,HasFired,10,2533,weapons.shells.KPVT_14_5_T,Allies,,,,,,,
3235.55,219,ZSU-23-4 Shilka,Allies,CJTF_RED gnd 35 unit2,,,HasFired,90,2549,weapons.shells.2A7_23_HE,Allies,,,,,,,
3235.55,689,A-10A Thunderbolt II,Enemies,rocketboy11,,,HasFired,1,2545,AGM-65D Maverick,Enemies,,,,,,,
3235.95,2378,ADM-141A TALD,Enemies,,,,HasBeenDestroyed,1,,,,,,,,
3237.02,2380,ADM-141A TALD,Enemies,,,,HasBeenDestroyed,1,,,,,,,,
3237.30,2381,ADM-141A TALD,Enemies,,,,HasBeenDestroyed,1,,,,,,,,
3238.61,2383,ADM-141A TALD,Enemies,,,,HasBeenDestroyed,1,,,,,,,,
3238.86,220,T-90,Allies,CJTF_RED gnd 35 unit3,,,HasFired,29,2642,weapons.shells.Utes_12_7x108,Allies,,,,,,,
3241.54,2382,ADM-141A TALD,Enemies,,,,HasBeenDestroyed,1,,,,,,,,
3241.58,689,A-10A Thunderbolt II,Enemies,rocketboy11,,,HasFired,1,2674,AGM-65D Maverick,Enemies,,,,,,,
3242.35,638,A-10C Thunderbolt II,Enemies,Hobo 1-1 | Flatline,,,HasFired,1,2675,AGR_20_M282,Enemies,,,,,,,
3242.89,2499,SA9M31,Allies,,,,HasBeenDestroyed,1,,,,,,,,
3243.56,227,SA-9 Gaskin,Allies,CJTF_RED gnd 36 unit6,,,HasBeenHitBy,1,2545,AGM-65D Maverick,Enemies,,,,689,A-10A Thunderbolt II,Enemies,rocketboy11,,
3243.63,227,SA-9 Gaskin,Allies,CJTF_RED gnd 36 unit6,,,HasBeenDestroyed,1,689,A-10A Thunderbolt II,Enemies,rocketboy11,,,,,,
3243.91,218,BTR-80,Allies,CJTF_RED gnd 35 unit1,,,HasFired,15,2693,weapons.shells.KPVT_14_5_T,Allies,,,,,,,
3243.96,223,SA-3 Goa (LN),Allies,CJTF_RED gnd 36 unit2,,,HasBeenDestroyed,1,,,,,,,,
3244.08,219,ZSU-23-4 Shilka,Allies,CJTF_RED gnd 35 unit2,,,HasFired,100,2700,weapons.shells.2A7_23_HE,Allies,,,,,,,
3245.20,685,Su-25T Frogfoot,Enemies,Gryfas,,,HasBeenHitBy,1,2531,SA9M31,Allies,,,,227,SA-9 Gaskin,Allies,CJTF_RED gnd 36 unit6,,
3246.68,2674,AGM-65D Maverick,Enemies,,,,HasBeenDestroyed,1,,,,,,,,
3251.81,638,A-10C Thunderbolt II,Enemies,Hobo 1-1 | Flatline,,,HasFired,1,2814,AGR_20_M282,Enemies,,,,,,,
3252.73,685,Su-25T Frogfoot,Enemies,Gryfas,,,HasFired,1,2815,Parachutist,,,,,,,,
3254.96,170,SA-18 Grouse,Allies,CJTF_RED gnd 26 unit3,,,HasBeenHitBy,1,2500,AGR_20_M282,Enemies,,,,638,A-10C Thunderbolt II,Enemies,Hobo 1-1 | Flatline,,
3255.03,685,Su-25T Frogfoot,Enemies,Gryfas,,,HasBeenDestroyed,1,227,SA-9 Gaskin,Allies,CJTF_RED gnd 36 unit6,,,,,,
3255.10,170,SA-18 Grouse,Allies,CJTF_RED gnd 26 unit3,,,HasBeenDestroyed,1,638,A-10C Thunderbolt II,Enemies,Hobo 1-1 | Flatline,,,,,,
3258.03,2816,F/A-18C Hornet,Enemies,Cumeleo,,,HasEnteredTheArea,1,11,CVN-74 John Stennis,Enemies,CVN-74,,,,,,
3262.00,172,Infantry AK,Allies,CJTF_RED gnd 26 unit5,,,HasBeenHitBy,1,2675,AGR_20_M282,Enemies,,,,638,A-10C Thunderbolt II,Enemies,Hobo 1-1 | Flatline,,
3262.14,172,Infantry AK,Allies,CJTF_RED gnd 26 unit5,,,HasBeenDestroyed,1,638,A-10C Thunderbolt II,Enemies,Hobo 1-1 | Flatline,,,,,,
3263.80,2814,AGR_20_M282,Enemies,,,,HasBeenDestroyed,1,,,,,,,,
3267.22,168,Infantry AK,Allies,CJTF_RED gnd 26 unit1,,,HasBeenDestroyed,1,,,,,,,,
3270.19,214,SA-18 Grouse,Allies,CJTF_RED gnd 34 unit3,,,HasFired,1,2818,Igla-1E (SA-18),Allies,,,,,,,
3287.20,2818,Igla-1E (SA-18),Allies,,,,HasBeenDestroyed,1,,,,,,,,
3292.42,157,SA-11 Gadfly (SR),Allies,CJTF_RED gnd 25 unit3,,,HasBeenHitBy,1,2454,AGM-88 HARM,Enemies,,,,239,F-16C Fighting Falcon,Enemies,[RVN] Raven 1-2 | phrozen,,
3292.54,157,SA-11 Gadfly (SR),Allies,CJTF_RED gnd 25 unit3,,,HasBeenDestroyed,1,239,F-16C Fighting Falcon,Enemies,[RVN] Raven 1-2 | phrozen,,,,,,
3295.84,145,SA-3 Goa (SR),Allies,CJTF_RED gnd 24 unit1,,,HasBeenHitBy,1,2463,AGM-88 HARM,Enemies,,,,239,F-16C Fighting Falcon,Enemies,[RVN] Raven 1-2 | phrozen,,
3295.93,145,SA-3 Goa (SR),Allies,CJTF_RED gnd 24 unit1,,,HasBeenDestroyed,1,239,F-16C Fighting Falcon,Enemies,[RVN] Raven 1-2 | phrozen,,,,,,
3303.39,689,A-10A Thunderbolt II,Enemies,rocketboy11,,,HasFired,64,2856,weapons.shells.GAU8_30_AP,Enemies,,,,,,,
3304.42,156,SA-11 Gadfly (SR),Allies,CJTF_RED gnd 25 unit2,,,HasBeenHitBy,1,2469,AGM-88 HARM,Enemies,,,,239,F-16C Fighting Falcon,Enemies,[RVN] Raven 1-2 | phrozen,,
3304.52,156,SA-11 Gadfly (SR),Allies,CJTF_RED gnd 25 unit2,,,HasBeenDestroyed,1,239,F-16C Fighting Falcon,Enemies,[RVN] Raven 1-2 | phrozen,,,,,,
3305.33,218,BTR-80,Allies,CJTF_RED gnd 35 unit1,,,HasFired,9,2881,weapons.shells.KPVT_14_5_T,Allies,,,,,,,
3306.76,218,BTR-80,Allies,CJTF_RED gnd 35 unit1,,,HasBeenHitBy,7,2856,weapons.shells.GAU8_30_AP,Enemies,,,,689,A-10A Thunderbolt II,Enemies,rocketboy11,,
3307.07,218,BTR-80,Allies,CJTF_RED gnd 35 unit1,,,HasBeenDestroyed,1,689,A-10A Thunderbolt II,Enemies,rocketboy11,,,,,,
3308.57,218,BTR-80,Allies,CJTF_RED gnd 35 unit1,,,HasBeenHitBy,4,2904,weapons.shells.GAU8_30_AP,Enemies,,,,689,A-10A Thunderbolt II,Enemies,rocketboy11,,
3309.86,221,T-90,Allies,CJTF_RED gnd 35 unit4,,,HasBeenHitBy,2,2884,weapons.shells.GAU8_30_AP,Enemies,,,,689,A-10A Thunderbolt II,Enemies,rocketboy11,,
3311.08,689,A-10A Thunderbolt II,Enemies,rocketboy11,,,HasFired,108,2955,weapons.shells.GAU8_30_AP,Enemies,,,,,,,
3311.80,219,ZSU-23-4 Shilka,Allies,CJTF_RED gnd 35 unit2,,,HasFired,92,2981,weapons.shells.2A7_23_HE,Allies,,,,,,,
3312.12,221,T-90,Allies,CJTF_RED gnd 35 unit4,,,HasFired,13,3016,weapons.shells.Utes_12_7x108_T,Allies,,,,,,,
3313.00,221,T-90,Allies,CJTF_RED gnd 35 unit4,,,HasBeenHitBy,9,2954,weapons.shells.GAU8_30_AP,Enemies,,,,689,A-10A Thunderbolt II,Enemies,rocketboy11,,
3313.15,689,A-10A Thunderbolt II,Enemies,rocketboy11,,,HasBeenHitBy,6,2981,weapons.shells.2A7_23_HE,Allies,,,,219,ZSU-23-4 Shilka,Allies,CJTF_RED gnd 35 unit2,,
3313.42,689,A-10A Thunderbolt II,Enemies,rocketboy11,,,HasBeenDestroyed,1,219,ZSU-23-4 Shilka,Allies,CJTF_RED gnd 35 unit2,,,,,,
3314.67,221,T-90,Allies,CJTF_RED gnd 35 unit4,,,HasBeenHitBy,2,3129,weapons.shells.GAU8_30_AP,Enemies,,,,689,A-10A Thunderbolt II,Enemies,rocketboy11,,
3329.66,3154,A-10A Thunderbolt II,Enemies,rocketboy11,,,HasEnteredTheArea,1,ICAO:URKA,Anapa-Vityazevo,,,,,,
3330.99,3155,Su-25T Frogfoot,Enemies,Gryfas,,,HasEnteredTheArea,1,ICAO:URKA,Anapa-Vityazevo,,,,,,
3332.11,241,F/A-18C Hornet,Enemies,Loaf 1-1,,,HasLanded,1,ICAO:URKA,Anapa-Vityazevo,,,,,,
3342.52,239,F-16C Fighting Falcon,Enemies,[RVN] Raven 1-2 | phrozen,,,HasFired,1,3156,AIM-120C AMRAAM,Enemies,,,,,,,
3368.01,239,F-16C Fighting Falcon,Enemies,[RVN] Raven 1-2 | phrozen,,,HasFired,1,3157,AIM-120C AMRAAM,Enemies,,,,,,,
3393.09,3168,MiG-23MLD Flogger-K,Allies,kras12-1,,,HasEnteredTheArea,1,ICAO:URKK,Krasnodar-Pashkovsky,,,,,,
3393.09,3167,MiG-23MLD Flogger-K,Allies,Aerial-1-8,,,HasEnteredTheArea,1,ICAO:URKK,Krasnodar-Pashkovsky,,,,,,
3400.05,1601,MiG-29S Fulcrum-C,Allies,kras11-1,,,HasBeenHitBy,1,3156,AIM-120C AMRAAM,Enemies,,,,239,F-16C Fighting Falcon,Enemies,[RVN] Raven 1-2 | phrozen,,
3400.05,1601,MiG-29S Fulcrum-C,Allies,kras11-1,,,HasBeenDestroyed,1,239,F-16C Fighting Falcon,Enemies,[RVN] Raven 1-2 | phrozen,,,,,,
3403.28,3173,Parachutist,,,,,HasEnteredTheArea,1,,,,,,,,
3413.12,3157,AIM-120C AMRAAM,Enemies,,,,HasBeenDestroyed,1,,,,,,,,
3421.09,1597,Mi-24P Hind-F,Enemies,Daddy [67],,,HasFired,1,3182,Ataka_9M220,Enemies,,,,,,,
3429.14,239,F-16C Fighting Falcon,Enemies,[RVN] Raven 1-2 | phrozen,,,HasFired,1,3189,AIM-120C AMRAAM,Enemies,,,,,,,
3432.23,239,F-16C Fighting Falcon,Enemies,[RVN] Raven 1-2 | phrozen,,,HasFired,1,3192,AIM-120C AMRAAM,Enemies,,,,,,,
3433.78,3182,Ataka_9M220,Enemies,,,,HasBeenDestroyed,1,,,,,,,,
3435.81,1600,MiG-29S Fulcrum-C,Allies,Aerial-1-7,,,HasFired,1,3193,R-27ET (AA-10 Alamo-D),Allies,,,,,,,
3442.74,241,F/A-18C Hornet,Enemies,Loaf 1-1,,,HasLeftTheArea,1,ICAO:URKA,Anapa-Vityazevo,,,,,,
3453.13,3262,MiG-21bis Fishbed-L/N,Allies,krym3-1-1,,,HasEnteredTheArea,1,ICAO:URKW,Krymsk,,,,,,
3453.13,3261,MiG-21bis Fishbed-L/N,Allies,Aerial-1-2-1,,,HasEnteredTheArea,1,ICAO:URKW,Krymsk,,,,,,
3454.32,1597,Mi-24P Hind-F,Enemies,Daddy [67],,,HasFired,1,3270,Ataka_9M220,Enemies,,,,,,,
3455.50,1600,MiG-29S Fulcrum-C,Allies,Aerial-1-7,,,HasBeenHitBy,1,3189,AIM-120C AMRAAM,Enemies,,,,239,F-16C Fighting Falcon,Enemies,[RVN] Raven 1-2 | phrozen,,
3455.50,1600,MiG-29S Fulcrum-C,Allies,Aerial-1-7,,,HasBeenDestroyed,1,239,F-16C Fighting Falcon,Enemies,[RVN] Raven 1-2 | phrozen,,,,,,
3456.62,3192,AIM-120C AMRAAM,Enemies,,,,HasBeenDestroyed,1,,,,,,,,
3462.42,638,A-10C Thunderbolt II,Enemies,Hobo 1-1 | Flatline,,,HasFired,1,3301,AGM-65D Maverick,Enemies,,,,,,,
3462.42,188,SA-6 Gainful (LN),Allies,CJTF_RED gnd 29 unit4,,,HasBeenHitBy,1,3270,Ataka_9M220,Enemies,,,,1597,Mi-24P Hind-F,Enemies,Daddy [67],,
3462.51,188,SA-6 Gainful (LN),Allies,CJTF_RED gnd 29 unit4,,,HasBeenDestroyed,1,1597,Mi-24P Hind-F,Enemies,Daddy [67],,,,,,
3473.08,3316,Mi-8MT Hip,Allies,krym1-1-2-1-1-1-2-2-2-1-1-2-3,,,HasEnteredTheArea,1,ICAO:URKK,Krasnodar-Pashkovsky,,,,,,
3473.08,3315,Kamaz,Allies,factory-delta-supply-1-3,,,HasEnteredTheArea,1,,,,,,,,
3473.08,3314,Kamaz,Allies,factory-delta-supply-1-2,,,HasEnteredTheArea,1,,,,,,,,
3473.08,3313,Kamaz,Allies,factory-delta-supply-1-1,,,HasEnteredTheArea,1,,,,,,,,
3473.08,3312,Mi-8MT Hip,Allies,krym1-1-2-1-1-1-2-2-2-1,,,HasEnteredTheArea,1,,,,,,,,
3492.24,3193,R-27ET (AA-10 Alamo-D),Allies,,,,HasBeenDestroyed,1,,,,,,,,
3495.66,780,A-10A Thunderbolt II,Enemies,Spear 1-2 | Geert,,,HasLanded,1,ICAO:URKA,Anapa-Vityazevo,,,,,,
3500.02,176,T-90,Allies,CJTF_RED gnd 27 unit3,,,HasBeenHitBy,1,3301,AGM-65D Maverick,Enemies,,,,638,A-10C Thunderbolt II,Enemies,Hobo 1-1 | Flatline,,
3500.18,176,T-90,Allies,CJTF_RED gnd 27 unit3,,,HasBeenDestroyed,1,638,A-10C Thunderbolt II,Enemies,Hobo 1-1 | Flatline,,,,,,
3519.07,3167,MiG-23MLD Flogger-K,Allies,Aerial-1-8,,,HasTakenOff,1,ICAO:URKK,Krasnodar-Pashkovsky,,,,,,
3532.35,3168,MiG-23MLD Flogger-K,Allies,kras12-1,,,HasTakenOff,1,ICAO:URKK,Krasnodar-Pashkovsky,,,,,,
3557.95,3261,MiG-21bis Fishbed-L/N,Allies,Aerial-1-2-1,,,HasTakenOff,1,ICAO:URKW,Krymsk,,,,,,
3570.14,3262,MiG-21bis Fishbed-L/N,Allies,krym3-1-1,,,HasTakenOff,1,ICAO:URKW,Krymsk,,,,,,
3575.14,638,A-10C Thunderbolt II,Enemies,Hobo 1-1 | Flatline,,,HasFired,276,3338,weapons.shells.GAU8_30_AP,Enemies,,,,,,,
3577.12,177,T-90,Allies,CJTF_RED gnd 27 unit4,,,HasBeenHitBy,52,3337,weapons.shells.GAU8_30_AP,Enemies,,,,638,A-10C Thunderbolt II,Enemies,Hobo 1-1 | Flatline,,
3577.23,174,BTR-80,Allies,CJTF_RED gnd 27 unit1,,,HasFired,28,3402,weapons.shells.KPVT_14_5,Allies,,,,,,,
3581.33,177,T-90,Allies,CJTF_RED gnd 27 unit4,,,HasBeenHitBy,45,3415,weapons.shells.GAU8_30_AP,Enemies,,,,638,A-10C Thunderbolt II,Enemies,Hobo 1-1 | Flatline,,
3583.55,177,T-90,Allies,CJTF_RED gnd 27 unit4,,,HasBeenHitBy,132,3486,weapons.shells.GAU8_30_AP,Enemies,,,,638,A-10C Thunderbolt II,Enemies,Hobo 1-1 | Flatline,,
3585.34,177,T-90,Allies,CJTF_RED gnd 27 unit4,,,HasBeenDestroyed,1,638,A-10C Thunderbolt II,Enemies,Hobo 1-1 | Flatline,,,,,,
3592.01,174,BTR-80,Allies,CJTF_RED gnd 27 unit1,,,HasFired,14,3641,weapons.shells.KPVT_14_5,Allies,,,,,,,
3602.32,1597,Mi-24P Hind-F,Enemies,Daddy [67],,,HasFired,1,3656,Ataka_9M220,Enemies,,,,,,,
3603.24,3659,Mi-28N Havoc,Allies,echo3-1-2-1,,,HasEnteredTheArea,1,5,Invisible FARP,Enemies,,,,,,,
3603.24,3658,Mi-28N Havoc,Allies,Rotary-2-1-2-1-2-1,,,HasEnteredTheArea,1,5,Invisible FARP,Enemies,,,,,,,
3603.24,3657,Mi-8MT Hip,Allies,krym1-1-2-1-1-1-2-2-2-1-1-2-2-2-2,,,HasEnteredTheArea,1,5,Invisible FARP,Enemies,,,,,,,
3607.13,780,A-10A Thunderbolt II,Enemies,Spear 1-2 | Geert,,,HasLeftTheArea,1,ICAO:URKA,Anapa-Vityazevo,,,,,,
3613.98,174,BTR-80,Allies,CJTF_RED gnd 27 unit1,,,HasBeenHitBy,1,3656,Ataka_9M220,Enemies,,,,1597,Mi-24P Hind-F,Enemies,Daddy [67],,
3614.00,174,BTR-80,Allies,CJTF_RED gnd 27 unit1,,,HasBeenDestroyed,1,1597,Mi-24P Hind-F,Enemies,Daddy [67],,,,,,
3615.61,3261,MiG-21bis Fishbed-L/N,Allies,Aerial-1-2-1,,,HasFired,1,3661,R-60 (AA-8 Aphid-A),Allies,,,,,,,
3616.84,3662,A-10A Thunderbolt II,Enemies,Spear 1-2 | Geert,,,HasEnteredTheArea,1,ICAO:URKA,Anapa-Vityazevo,,,,,,
3620.61,1597,Mi-24P Hind-F,Enemies,Daddy [67],,,HasBeenHitBy,1,3661,R-60 (AA-8 Aphid-A),Allies,,,,3261,MiG-21bis Fishbed-L/N,Allies,Aerial-1-2-1,,
3633.06,3679,SA-13 Gopher,Allies,CJTF_RED gnd 46 unit1,,,HasEnteredTheArea,1,,,,,,,,
3633.08,3680,ZSU-23-4 Shilka,Allies,CJTF_RED gnd 46 unit2,,,HasEnteredTheArea,1,,,,,,,,
3633.08,1743,Mi-8MT Hip,Allies,krym1-1-2-1-1-1-2-2-2-1-1,,,HasBeenDestroyed,1,,,,,,,,
3633.59,1643,F/A-18C Hornet,Enemies,ColdShoulder,,,HasLanded,1,11,CVN-74 John Stennis,Enemies,CVN-74,,,,,,
3636.35,1597,Mi-24P Hind-F,Enemies,Daddy [67],,,HasBeenDestroyed,1,3261,MiG-21bis Fishbed-L/N,Allies,Aerial-1-2-1,,,,,,
3676.96,638,A-10C Thunderbolt II,Enemies,Hobo 1-1 | Flatline,,,HasFired,1,3704,AIM-9 Sidewinder,Enemies,,,,,,,
3705.06,3704,AIM-9 Sidewinder,Enemies,,,,HasBeenDestroyed,1,,,,,,,,
3719.22,638,A-10C Thunderbolt II,Enemies,Hobo 1-1 | Flatline,,,HasFired,1,3725,AIM-9 Sidewinder,Enemies,,,,,,,
3722.91,35,MIM-23 Hawk (M192 LN),Enemies,CJTF_BLUE gnd 4 unit5,,,HasFired,1,3732,MIM-23B,Enemies,,,,,,,
3740.21,35,MIM-23 Hawk (M192 LN),Enemies,CJTF_BLUE gnd 4 unit5,,,HasFired,1,3733,MIM-23B,Enemies,,,,,,,
3752.38,3725,AIM-9 Sidewinder,Enemies,,,,HasBeenDestroyed,1,,,,,,,,
3753.09,3742,M4 Infantry,Enemies,CJTF_BLUE gnd 47 unit6,,,HasEnteredTheArea,1,4,Invisible FARP,Enemies,,,,,,,
3753.09,3741,M4 Infantry,Enemies,CJTF_BLUE gnd 47 unit5,,,HasEnteredTheArea,1,4,Invisible FARP,Enemies,,,,,,,
3753.09,3740,Ural-375,Enemies,CJTF_BLUE gnd 47 unit4,,,HasEnteredTheArea,1,4,Invisible FARP,Enemies,,,,,,,
3753.09,3739,FIM-92 Stinger,Enemies,CJTF_BLUE gnd 47 unit3,,,HasEnteredTheArea,1,4,Invisible FARP,Enemies,,,,,,,
3753.09,3738,M4 Infantry,Enemies,CJTF_BLUE gnd 47 unit2,,,HasEnteredTheArea,1,4,Invisible FARP,Enemies,,,,,,,
3753.09,3737,M4 Infantry,Enemies,CJTF_BLUE gnd 47 unit1,,,HasEnteredTheArea,1,4,Invisible FARP,Enemies,,,,,,,
3753.11,1949,UH-60A Black Hawk,Enemies,anapa3,,,HasBeenDestroyed,1,,,,,,,,
3762.27,3733,MIM-23B,Enemies,,,,HasBeenDestroyed,1,,,,,,,,
3763.11,3752,M818,Enemies,Ground-6-1,,,HasEnteredTheArea,1,4,Invisible FARP,Enemies,,,,,,,
3763.11,3751,M978 HEMTT Tanker,Enemies,Ground-6-2,,,HasEnteredTheArea,1,4,Invisible FARP,Enemies,,,,,,,
3763.66,34,MIM-23 Hawk (M192 LN),Enemies,CJTF_BLUE gnd 4 unit4,,,HasFired,1,3753,MIM-23B,Enemies,,,,,,,
3765.00,3732,MIM-23B,Enemies,,,,HasBeenDestroyed,1,,,,,,,,
3765.68,37,MIM-23 Hawk (CWAR SR),Enemies,CJTF_BLUE gnd 4 unit7,,,HasBeenHitBy,1,3753,MIM-23B,Enemies,,,,34,MIM-23 Hawk (M192 LN),Enemies,CJTF_BLUE gnd 4 unit4,,
3768.83,34,MIM-23 Hawk (M192 LN),Enemies,CJTF_BLUE gnd 4 unit4,,,HasFired,1,3759,MIM-23B,Enemies,,,,,,,
3773.87,36,MIM-23 Hawk (M192 LN),Enemies,CJTF_BLUE gnd 4 unit6,,,HasFired,1,3761,MIM-23B,Enemies,,,,,,,
3802.42,3773,F/A-18C Hornet,Enemies,Assman,,,HasEnteredTheArea,1,ICAO:URKA,Anapa-Vityazevo,,,,,,
3807.71,3775,M818,Enemies,Ammo Truck-74035#001-01,,,HasEnteredTheArea,1,4,Invisible FARP,Enemies,,,,,,,
3807.71,3774,M1 Abrams,Enemies,M1A2 Abrams-1832#001-01,,,HasEnteredTheArea,1,4,Invisible FARP,Enemies,,,,,,,
3810.27,858,NASAMS_LN_C,Enemies,NASAMS Battery-30489#001-05,,,HasFired,1,3776,AIM-120C AMRAAM,Enemies,,,,,,,
3812.25,3261,MiG-21bis Fishbed-L/N,Allies,Aerial-1-2-1,,,HasBeenHitBy,1,3759,MIM-23B,Enemies,,,,34,MIM-23 Hawk (M192 LN),Enemies,CJTF_BLUE gnd 4 unit4,,
3812.25,3261,MiG-21bis Fishbed-L/N,Allies,Aerial-1-2-1,,,HasBeenDestroyed,1,34,MIM-23 Hawk (M192 LN),Enemies,CJTF_BLUE gnd 4 unit4,,,,,,
3815.96,3761,MIM-23B,Enemies,,,,HasBeenDestroyed,1,,,,,,,,
3830.03,858,NASAMS_LN_C,Enemies,NASAMS Battery-30489#001-05,,,HasFired,1,3780,AIM-120C AMRAAM,Enemies,,,,,,,
3834.90,3262,MiG-21bis Fishbed-L/N,Allies,krym3-1-1,,,HasFired,1,3783,R-60 (AA-8 Aphid-A),Allies,,,,,,,
3849.28,858,NASAMS_LN_C,Enemies,NASAMS Battery-30489#001-05,,,HasFired,1,3834,AIM-120C AMRAAM,Enemies,,,,,,,
3850.13,36,MIM-23 Hawk (M192 LN),Enemies,CJTF_BLUE gnd 4 unit6,,,HasFired,1,3835,MIM-23B,Enemies,,,,,,,
3850.71,3262,MiG-21bis Fishbed-L/N,Allies,krym3-1-1,,,HasBeenHitBy,1,3780,AIM-120C AMRAAM,Enemies,,,,858,NASAMS_LN_C,Enemies,NASAMS Battery-30489#001-05,,
3855.10,33,MIM-23 Hawk (M192 LN),Enemies,CJTF_BLUE gnd 4 unit3,,,HasFired,1,3837,MIM-23B,Enemies,,,,,,,
3857.71,3835,MIM-23B,Enemies,,,,HasBeenDestroyed,1,,,,,,,,
3859.08,3783,R-60 (AA-8 Aphid-A),Allies,,,,HasBeenDestroyed,1,,,,,,,,
3860.51,36,MIM-23 Hawk (M192 LN),Enemies,CJTF_BLUE gnd 4 unit6,,,HasFired,1,3839,MIM-23B,Enemies,,,,,,,
3862.04,858,NASAMS_LN_C,Enemies,NASAMS Battery-30489#001-05,,,HasFired,1,3840,AIM-120C AMRAAM,Enemies,,,,,,,
3862.10,3262,MiG-21bis Fishbed-L/N,Allies,krym3-1-1,,,HasBeenHitBy,1,3834,AIM-120C AMRAAM,Enemies,,,,858,NASAMS_LN_C,Enemies,NASAMS Battery-30489#001-05,,
3862.24,3262,MiG-21bis Fishbed-L/N,Allies,krym3-1-1,,,HasBeenDestroyed,1,858,NASAMS_LN_C,Enemies,NASAMS Battery-30489#001-05,,,,,,
3862.33,3837,MIM-23B,Enemies,,,,HasBeenDestroyed,1,,,,,,,,
3862.52,32,M818,Enemies,CJTF_BLUE gnd 4 unit2,,,HasBeenHitBy,1,3839,MIM-23B,Enemies,,,,36,MIM-23 Hawk (M192 LN),Enemies,CJTF_BLUE gnd 4 unit6,,
3883.26,3852,BTR_D,Allies,Ground-1-14,,,HasEnteredTheArea,1,ICAO:URKW,Krymsk,,,,,,
3883.26,3851,BTR_D,Allies,Ground-1-15,,,HasEnteredTheArea,1,ICAO:URKW,Krymsk,,,,,,
3883.26,3850,T-90,Allies,Ground-1-16,,,HasEnteredTheArea,1,ICAO:URKW,Krymsk,,,,,,
3883.26,3849,ZSU-23-4 Shilka,Allies,Ground-1-17,,,HasEnteredTheArea,1,ICAO:URKW,Krymsk,,,,,,
3883.26,3848,BTR-80,Allies,Ground-1-18,,,HasEnteredTheArea,1,ICAO:URKW,Krymsk,,,,,,
3883.26,3847,BTR-80,Allies,Ground-1-19,,,HasEnteredTheArea,1,ICAO:URKW,Krymsk,,,,,,
3883.26,3846,Su-25T Frogfoot,Allies,Aerial-1-1,,,HasEnteredTheArea,1,ICAO:URKW,Krymsk,,,,,,
3883.26,3845,Mirage 2000C,Enemies,Aerial-1-4,,,HasEnteredTheArea,1,ICAO:URKA,Anapa-Vityazevo,,,,,,
3883.26,3844,Mirage 2000C,Enemies,Aerial-1-3,,,HasEnteredTheArea,1,ICAO:URKA,Anapa-Vityazevo,,,,,,
3916.89,3840,AIM-120C AMRAAM,Enemies,,,,HasBeenDestroyed,1,,,,,,,,
3952.27,638,A-10C Thunderbolt II,Enemies,Hobo 1-1 | Flatline,,,HasFired,1,3853,AGR_20_M282,Enemies,,,,,,,
3961.01,3776,AIM-120C AMRAAM,Enemies,,,,HasBeenDestroyed,1,,,,,,,,
3970.41,3853,AGR_20_M282,Enemies,,,,HasBeenDestroyed,1,,,,,,,,
3985.98,638,A-10C Thunderbolt II,Enemies,Hobo 1-1 | Flatline,,,HasFired,134,3858,weapons.shells.GAU8_30_AP,Enemies,,,,,,,
3986.26,3849,ZSU-23-4 Shilka,Allies,Ground-1-17,,,HasFired,71,3876,weapons.shells.2A7_23_HE,Allies,,,,,,,
3986.30,3847,BTR-80,Allies,Ground-1-19,,,HasFired,9,3879,weapons.shells.KPVT_14_5_T,Allies,,,,,,,
3986.68,3848,BTR-80,Allies,Ground-1-18,,,HasFired,1,3930,weapons.shells.2A7_23_HE,Allies,,,,,,,
3988.63,3848,BTR-80,Allies,Ground-1-18,,,HasBeenHitBy,21,3858,weapons.shells.GAU8_30_AP,Enemies,,,,638,A-10C Thunderbolt II,Enemies,Hobo 1-1 | Flatline,,
3989.57,3849,ZSU-23-4 Shilka,Allies,Ground-1-17,,,HasBeenHitBy,5,3914,weapons.shells.GAU8_30_HE,Enemies,,,,638,A-10C Thunderbolt II,Enemies,Hobo 1-1 | Flatline,,
3990.25,3850,T-90,Allies,Ground-1-16,,,HasBeenHitBy,4,4024,weapons.shells.GAU8_30_AP,Enemies,,,,638,A-10C Thunderbolt II,Enemies,Hobo 1-1 | Flatline,,
3990.48,3851,BTR_D,Allies,Ground-1-15,,,HasBeenHitBy,3,4031,weapons.shells.GAU8_30_AP,Enemies,,,,638,A-10C Thunderbolt II,Enemies,Hobo 1-1 | Flatline,,
3991.10,3852,BTR_D,Allies,Ground-1-14,,,HasBeenHitBy,1,4042,weapons.shells.GAU8_30_HE,Enemies,,,,638,A-10C Thunderbolt II,Enemies,Hobo 1-1 | Flatline,,
3993.25,3850,T-90,Allies,Ground-1-16,,,HasFired,2,4069,weapons.shells.Utes_12_7x108_T,Allies,,,,,,,
3993.60,3848,BTR-80,Allies,Ground-1-18,,,HasFired,36,4071,weapons.shells.KPVT_14_5_T,Allies,,,,,,,
3996.03,3847,BTR-80,Allies,Ground-1-19,,,HasFired,27,4083,weapons.shells.KPVT_14_5,Allies,,,,,,,
3997.22,179,SA-3 Goa (LN),Allies,CJTF_RED gnd 28 unit2,,,HasBeenHitBy,7,4056,weapons.shells.GAU8_30_AP,Enemies,,,,638,A-10C Thunderbolt II,Enemies,Hobo 1-1 | Flatline,,
3998.18,3850,T-90,Allies,Ground-1-16,,,HasFired,26,4106,weapons.shells.Utes_12_7x108,Allies,,,,,,,
3998.88,180,SA-3 Goa (LN),Allies,CJTF_RED gnd 28 unit3,,,HasBeenHitBy,3,4061,weapons.shells.GAU8_30_AP,Enemies,,,,638,A-10C Thunderbolt II,Enemies,Hobo 1-1 | Flatline,,
4000.40,179,SA-3 Goa (LN),Allies,CJTF_RED gnd 28 unit2,,,HasBeenHitBy,1,3882,weapons.shells.GAU8_30_AP,Enemies,,,,638,A-10C Thunderbolt II,Enemies,Hobo 1-1 | Flatline,,
4008.34,179,SA-3 Goa (LN),Allies,CJTF_RED gnd 28 unit2,,,HasBeenHitBy,1,4050,weapons.shells.GAU8_30_AP,Enemies,,,,638,A-10C Thunderbolt II,Enemies,Hobo 1-1 | Flatline,,
4014.16,3844,Mirage 2000C,Enemies,Aerial-1-3,,,HasTakenOff,1,ICAO:URKA,Anapa-Vityazevo,,,,,,
4028.33,3845,Mirage 2000C,Enemies,Aerial-1-4,,,HasTakenOff,1,ICAO:URKA,Anapa-Vityazevo,,,,,,
4036.49,3846,Su-25T Frogfoot,Allies,Aerial-1-1,,,HasTakenOff,1,ICAO:URKW,Krymsk,,,,,,
4043.04,4160,UH-60A Black Hawk,Enemies,anapa1,,,HasEnteredTheArea,1,ICAO:URKA,Anapa-Vityazevo,,,,,,
4054.76,239,F-16C Fighting Falcon,Enemies,[RVN] Raven 1-2 | phrozen,,,HasLanded,1,ICAO:URKA,Anapa-Vityazevo,,,,,,
4086.09,638,A-10C Thunderbolt II,Enemies,Hobo 1-1 | Flatline,,,HasFired,1,4161,AGR_20_M282,Enemies,,,,,,,
4100.80,3849,ZSU-23-4 Shilka,Allies,Ground-1-17,,,HasBeenHitBy,1,4161,AGR_20_M282,Enemies,,,,638,A-10C Thunderbolt II,Enemies,Hobo 1-1 | Flatline,,
4100.96,3849,ZSU-23-4 Shilka,Allies,Ground-1-17,,,HasBeenDestroyed,1,638,A-10C Thunderbolt II,Enemies,Hobo 1-1 | Flatline,,,,,,
4150.51,3154,A-10A Thunderbolt II,Enemies,rocketboy11,,,HasTakenOff,1,ICAO:URKA,Anapa-Vityazevo,,,,,,
4150.72,3662,A-10A Thunderbolt II,Enemies,Spear 1-2 | Geert,,,HasTakenOff,1,ICAO:URKA,Anapa-Vityazevo,,,,,,
4153.28,4167,Ka-50 Black Shark,Enemies,spike 1-2 / X56 warrior,,,HasEnteredTheArea,1,ICAO:URKA,Anapa-Vityazevo,,,,,,
4164.42,4167,Ka-50 Black Shark,Enemies,spike 1-2 / X56 warrior,,,HasLeftTheArea,1,ICAO:URKA,Anapa-Vityazevo,,,,,,
4173.42,3845,Mirage 2000C,Enemies,Aerial-1-4,,,HasFired,1,4176,Super 530D,Enemies,,,,,,,
4184.87,638,A-10C Thunderbolt II,Enemies,Hobo 1-1 | Flatline,,,HasFired,1,4187,AGR_20_M282,Enemies,,,,,,,
4195.04,3845,Mirage 2000C,Enemies,Aerial-1-4,,,HasFired,1,4195,R550 Magic II,Enemies,,,,,,,
4198.99,4201,9K114 Shturm,Neutral,,,,HasBeenHitBy,1,4195,R550 Magic II,Enemies,,,,3845,Mirage 2000C,Enemies,Aerial-1-4,,
4198.99,3846,Su-25T Frogfoot,Allies,Aerial-1-1,,,HasBeenDestroyed,1,,,,,,,,
4199.13,4205,Bomb,Neutral,,,,HasEnteredTheArea,1,4,Invisible FARP,Enemies,,,,,,,
4199.13,4204,Bomb,Neutral,,,,HasEnteredTheArea,1,4,Invisible FARP,Enemies,,,,,,,
4205.85,3848,BTR-80,Allies,Ground-1-18,,,HasBeenHitBy,1,4187,AGR_20_M282,Enemies,,,,638,A-10C Thunderbolt II,Enemies,Hobo 1-1 | Flatline,,
4205.97,3848,BTR-80,Allies,Ground-1-18,,,HasBeenDestroyed,1,638,A-10C Thunderbolt II,Enemies,Hobo 1-1 | Flatline,,,,,,
4208.31,4176,Super 530D,Enemies,,,,HasBeenDestroyed,1,,,,,,,,
4213.40,638,A-10C Thunderbolt II,Enemies,Hobo 1-1 | Flatline,,,HasFired,1,4206,AGR_20_M282,Enemies,,,,,,,
4219.70,3155,Su-25T Frogfoot,Enemies,Gryfas,,,HasTakenOff,1,ICAO:URKA,Anapa-Vityazevo,,,,,,
4222.19,3847,BTR-80,Allies,Ground-1-19,,,HasBeenHitBy,1,4206,AGR_20_M282,Enemies,,,,638,A-10C Thunderbolt II,Enemies,Hobo 1-1 | Flatline,,
4222.25,3847,BTR-80,Allies,Ground-1-19,,,HasBeenDestroyed,1,638,A-10C Thunderbolt II,Enemies,Hobo 1-1 | Flatline,,,,,,
4226.52,4209,F-4E Phantom II,Enemies,cas1-3,,,HasEnteredTheArea,1,,,,,,,,
4226.52,4208,F-4E Phantom II,Enemies,cas1-2,,,HasEnteredTheArea,1,,,,,,,,
4226.52,4207,F-4E Phantom II,Enemies,cas1-1,,,HasEnteredTheArea,1,,,,,,,,
4226.55,3773,F/A-18C Hornet,Enemies,Assman,,,HasTakenOff,1,ICAO:URKA,Anapa-Vityazevo,,,,,,
4264.90,1643,F/A-18C Hornet,Enemies,ColdShoulder,,,HasTakenOff,1,11,CVN-74 John Stennis,Enemies,CVN-74,,,,,,
4278.99,2816,F/A-18C Hornet,Enemies,Cumeleo,,,HasTakenOff,1,11,CVN-74 John Stennis,Enemies,CVN-74,,,,,,
4327.90,638,A-10C Thunderbolt II,Enemies,Hobo 1-1 | Flatline,,,HasFired,1,4210,AGR_20_M282,Enemies,,,,,,,
4329.23,1747,Il-76MD Candid,Allies,intercept1,,,HasBeenDestroyed,1,,,,,,,,
4334.81,3168,MiG-23MLD Flogger-K,Allies,kras12-1,,,HasLanded,1,ICAO:URKK,Krasnodar-Pashkovsky,,,,,,
4341.50,3167,MiG-23MLD Flogger-K,Allies,Aerial-1-8,,,HasLanded,1,ICAO:URKK,Krasnodar-Pashkovsky,,,,,,
4343.07,1981,Kamaz,Allies,factory-krymsk-supply-1-1,,,HasBeenDestroyed,1,,,,,,,,
4343.07,1982,Kamaz,Allies,factory-krymsk-supply-1-2,,,HasBeenDestroyed,1,,,,,,,,
4343.07,1983,Kamaz,Allies,factory-krymsk-supply-1-3,,,HasBeenDestroyed,1,,,,,,,,
4345.42,3851,BTR_D,Allies,Ground-1-15,,,HasBeenHitBy,1,4210,AGR_20_M282,Enemies,,,,638,A-10C Thunderbolt II,Enemies,Hobo 1-1 | Flatline,,
4345.51,3851,BTR_D,Allies,Ground-1-15,,,HasBeenDestroyed,1,638,A-10C Thunderbolt II,Enemies,Hobo 1-1 | Flatline,,,,,,
4363.11,638,A-10C Thunderbolt II,Enemies,Hobo 1-1 | Flatline,,,HasFired,1,4211,AGR_20_M282,Enemies,,,,,,,
4363.64,638,A-10C Thunderbolt II,Enemies,Hobo 1-1 | Flatline,,,HasFired,1,4212,AGR_20_M282,Enemies,,,,,,,
4364.20,638,A-10C Thunderbolt II,Enemies,Hobo 1-1 | Flatline,,,HasFired,1,4213,AGR_20_M282,Enemies,,,,,,,
4365.05,638,A-10C Thunderbolt II,Enemies,Hobo 1-1 | Flatline,,,HasFired,1,4214,AGR_20_M282,Enemies,,,,,,,
4365.44,638,A-10C Thunderbolt II,Enemies,Hobo 1-1 | Flatline,,,HasFired,1,4215,AGR_20_M282,Enemies,,,,,,,
4366.25,3850,T-90,Allies,Ground-1-16,,,HasBeenHitBy,1,4211,AGR_20_M282,Enemies,,,,638,A-10C Thunderbolt II,Enemies,Hobo 1-1 | Flatline,,
4366.62,3850,T-90,Allies,Ground-1-16,,,HasBeenHitBy,1,4212,AGR_20_M282,Enemies,,,,638,A-10C Thunderbolt II,Enemies,Hobo 1-1 | Flatline,,
4366.97,638,A-10C Thunderbolt II,Enemies,Hobo 1-1 | Flatline,,,HasFired,1,4216,AGR_20_M282,Enemies,,,,,,,
4366.99,3850,T-90,Allies,Ground-1-16,,,HasBeenHitBy,1,4213,AGR_20_M282,Enemies,,,,638,A-10C Thunderbolt II,Enemies,Hobo 1-1 | Flatline,,
4367.41,638,A-10C Thunderbolt II,Enemies,Hobo 1-1 | Flatline,,,HasFired,1,4217,AGR_20_M282,Enemies,,,,,,,
4367.59,3850,T-90,Allies,Ground-1-16,,,HasBeenHitBy,1,4214,AGR_20_M282,Enemies,,,,638,A-10C Thunderbolt II,Enemies,Hobo 1-1 | Flatline,,
4367.82,638,A-10C Thunderbolt II,Enemies,Hobo 1-1 | Flatline,,,HasFired,1,4218,AGR_20_M282,Enemies,,,,,,,
4367.87,3850,T-90,Allies,Ground-1-16,,,HasBeenHitBy,1,4215,AGR_20_M282,Enemies,,,,638,A-10C Thunderbolt II,Enemies,Hobo 1-1 | Flatline,,
4368.96,3850,T-90,Allies,Ground-1-16,,,HasBeenHitBy,1,4216,AGR_20_M282,Enemies,,,,638,A-10C Thunderbolt II,Enemies,Hobo 1-1 | Flatline,,
4369.25,3850,T-90,Allies,Ground-1-16,,,HasBeenHitBy,1,4217,AGR_20_M282,Enemies,,,,638,A-10C Thunderbolt II,Enemies,Hobo 1-1 | Flatline,,
4369.55,3850,T-90,Allies,Ground-1-16,,,HasBeenHitBy,1,4218,AGR_20_M282,Enemies,,,,638,A-10C Thunderbolt II,Enemies,Hobo 1-1 | Flatline,,
4370.06,1748,MiG-29S Fulcrum-C,Allies,intercept1-1-1,,,HasBeenDestroyed,1,,,,,,,,
4370.06,1749,MiG-29S Fulcrum-C,Allies,intercept2-1,,,HasBeenDestroyed,1,,,,,,,,
4373.74,3850,T-90,Allies,Ground-1-16,,,HasFired,38,4219,weapons.shells.Utes_12_7x108,Allies,,,,,,,
4383.08,4257,SA-3 Goa (SR),Allies,CJTF_RED gnd 12 unit1,,,HasEnteredTheArea,1,5,Invisible FARP,Enemies,,,,,,,
4383.08,83,SA-3 Goa (LN),Allies,CJTF_RED gnd 12 unit2,,,HasBeenDestroyed,1,,,,,,,,
4383.08,84,SA-3 Goa (LN),Allies,CJTF_RED gnd 12 unit3,,,HasBeenDestroyed,1,,,,,,,,
4383.08,85,SA-3 Goa (LN),Allies,CJTF_RED gnd 12 unit4,,,HasBeenDestroyed,1,,,,,,,,
4383.08,86,Ural-375,Allies,CJTF_RED gnd 12 unit5,,,HasBeenDestroyed,1,,,,,,,,
4383.08,88,SA-3 Goa (TR Low Blow),Allies,CJTF_RED gnd 12 unit7,,,HasBeenDestroyed,1,,,,,,,,
4383.09,4262,SA-9 Gaskin,Allies,CJTF_RED gnd 12 unit6,,,HasEnteredTheArea,1,5,Invisible FARP,Enemies,,,,,,,
4383.09,4261,Ural-375,Allies,CJTF_RED gnd 12 unit5,,,HasEnteredTheArea,1,5,Invisible FARP,Enemies,,,,,,,
4383.09,4260,SA-3 Goa (LN),Allies,CJTF_RED gnd 12 unit4,,,HasEnteredTheArea,1,5,Invisible FARP,Enemies,,,,,,,
4383.09,4259,SA-3 Goa (LN),Allies,CJTF_RED gnd 12 unit3,,,HasEnteredTheArea,1,5,Invisible FARP,Enemies,,,,,,,
4383.09,4258,SA-3 Goa (LN),Allies,CJTF_RED gnd 12 unit2,,,HasEnteredTheArea,1,5,Invisible FARP,Enemies,,,,,,,
4383.11,4263,SA-3 Goa (TR Low Blow),Allies,CJTF_RED gnd 12 unit7,,,HasEnteredTheArea,1,5,Invisible FARP,Enemies,,,,,,,
4383.11,3312,Mi-8MT Hip,Allies,krym1-1-2-1-1-1-2-2-2-1,,,HasBeenDestroyed,1,,,,,,,,
4388.85,1990,SA-13 Gopher,Allies,CJTF_RED gnd 42 unit1,,,HasFired,1,4264,SA9M333,Allies,,,,,,,
4392.78,1990,SA-13 Gopher,Allies,CJTF_RED gnd 42 unit1,,,HasFired,1,4269,SA9M333,Allies,,,,,,,
4397.66,3845,Mirage 2000C,Enemies,Aerial-1-4,,,HasBeenHitBy,1,4264,SA9M333,Allies,,,,1990,SA-13 Gopher,Allies,CJTF_RED gnd 42 unit1,,
4406.82,4269,SA9M333,Allies,,,,HasBeenDestroyed,1,,,,,,,,
4410.58,3845,Mirage 2000C,Enemies,Aerial-1-4,,,HasBeenDestroyed,1,1990,SA-13 Gopher,Allies,CJTF_RED gnd 42 unit1,,,,,,
4433.03,3773,F/A-18C Hornet,Enemies,Assman,,,HasFired,1,4290,AGM_154,Enemies,,,,,,,
4433.07,4291,UH-60A Black Hawk,Enemies,anapa2,,,HasEnteredTheArea,1,ICAO:URKA,Anapa-Vityazevo,,,,,,
4438.47,638,A-10C Thunderbolt II,Enemies,Hobo 1-1 | Flatline,,,HasFired,1,4294,AGR_20_M282,Enemies,,,,,,,
4448.42,3852,BTR_D,Allies,Ground-1-14,,,HasBeenHitBy,1,4294,AGR_20_M282,Enemies,,,,638,A-10C Thunderbolt II,Enemies,Hobo 1-1 | Flatline,,
4452.70,4260,SA-3 Goa (LN),Allies,CJTF_RED gnd 12 unit4,,,HasFired,1,4301,SA5B27,Allies,,,,,,,
4460.88,3850,T-90,Allies,Ground-1-16,,,HasFired,14,4302,weapons.shells.Utes_12_7x108,Allies,,,,,,,
4473.06,4321,Mi-8MT Hip,Allies,krym1-1-2-1-1-1-2-2-2-1-1-2-2,,,HasEnteredTheArea,1,5,Invisible FARP,Enemies,,,,,,,
4490.77,4301,SA5B27,Allies,,,,HasBeenDestroyed,1,,,,,,,,
4515.24,638,A-10C Thunderbolt II,Enemies,Hobo 1-1 | Flatline,,,HasFired,1,4330,AGR_20_M282,Enemies,,,,,,,
4515.36,4290,AGM_154,Enemies,,,,HasBeenDestroyed,1,,,,,,,,
4517.90,638,A-10C Thunderbolt II,Enemies,Hobo 1-1 | Flatline,,,HasFired,1,4331,AGR_20_M282,Enemies,,,,,,,
4521.84,638,A-10C Thunderbolt II,Enemies,Hobo 1-1 | Flatline,,,HasFired,1,4332,AGR_20_M282,Enemies,,,,,,,
4522.55,4330,AGR_20_M282,Enemies,,,,HasBeenDestroyed,1,,,,,,,,
4523.36,638,A-10C Thunderbolt II,Enemies,Hobo 1-1 | Flatline,,,HasFired,1,4333,AGR_20_M282,Enemies,,,,,,,
4524.85,638,A-10C Thunderbolt II,Enemies,Hobo 1-1 | Flatline,,,HasFired,1,4334,AGR_20_M282,Enemies,,,,,,,
4524.94,4331,AGR_20_M282,Enemies,,,,HasBeenDestroyed,1,,,,,,,,
4527.18,638,A-10C Thunderbolt II,Enemies,Hobo 1-1 | Flatline,,,HasFired,1,4335,AGR_20_M282,Enemies,,,,,,,
4528.98,4332,AGR_20_M282,Enemies,,,,HasBeenDestroyed,1,,,,,,,,
4529.24,3852,BTR_D,Allies,Ground-1-14,,,HasBeenHitBy,1,4333,AGR_20_M282,Enemies,,,,638,A-10C Thunderbolt II,Enemies,Hobo 1-1 | Flatline,,
4530.26,638,A-10C Thunderbolt II,Enemies,Hobo 1-1 | Flatline,,,HasFired,1,4336,AGR_20_M282,Enemies,,,,,,,
4530.66,3850,T-90,Allies,Ground-1-16,,,HasBeenHitBy,1,4334,AGR_20_M282,Enemies,,,,638,A-10C Thunderbolt II,Enemies,Hobo 1-1 | Flatline,,
4531.17,638,A-10C Thunderbolt II,Enemies,Hobo 1-1 | Flatline,,,HasFired,1,4337,AGR_20_M282,Enemies,,,,,,,
4532.20,3850,T-90,Allies,Ground-1-16,,,HasBeenHitBy,1,4335,AGR_20_M282,Enemies,,,,638,A-10C Thunderbolt II,Enemies,Hobo 1-1 | Flatline,,
4532.25,638,A-10C Thunderbolt II,Enemies,Hobo 1-1 | Flatline,,,HasFired,1,4338,AGR_20_M282,Enemies,,,,,,,
4533.19,638,A-10C Thunderbolt II,Enemies,Hobo 1-1 | Flatline,,,HasFired,1,4339,AGR_20_M282,Enemies,,,,,,,
4533.44,4258,SA-3 Goa (LN),Allies,CJTF_RED gnd 12 unit2,,,HasFired,1,4340,SA5B27,Allies,,,,,,,
4534.37,3850,T-90,Allies,Ground-1-16,,,HasBeenHitBy,1,4336,AGR_20_M282,Enemies,,,,638,A-10C Thunderbolt II,Enemies,Hobo 1-1 | Flatline,,
4534.43,3850,T-90,Allies,Ground-1-16,,,HasBeenDestroyed,1,638,A-10C Thunderbolt II,Enemies,Hobo 1-1 | Flatline,,,,,,
4535.03,3850,T-90,Allies,Ground-1-16,,,HasBeenHitBy,1,4337,AGR_20_M282,Enemies,,,,638,A-10C Thunderbolt II,Enemies,Hobo 1-1 | Flatline,,
4535.80,3850,T-90,Allies,Ground-1-16,,,HasBeenHitBy,1,4338,AGR_20_M282,Enemies,,,,638,A-10C Thunderbolt II,Enemies,Hobo 1-1 | Flatline,,
4536.47,3850,T-90,Allies,Ground-1-16,,,HasBeenHitBy,1,4339,AGR_20_M282,Enemies,,,,638,A-10C Thunderbolt II,Enemies,Hobo 1-1 | Flatline,,
4543.60,4258,SA-3 Goa (LN),Allies,CJTF_RED gnd 12 unit2,,,HasFired,1,4342,SA5B27,Allies,,,,,,,
4553.54,3844,Mirage 2000C,Enemies,Aerial-1-3,,,HasBeenHitBy,1,4340,SA5B27,Allies,,,,4258,SA-3 Goa (LN),Allies,CJTF_RED gnd 12 unit2,,
4553.54,3844,Mirage 2000C,Enemies,Aerial-1-3,,,HasBeenDestroyed,1,4258,SA-3 Goa (LN),Allies,CJTF_RED gnd 12 unit2,,,,,,
4553.62,4342,SA5B27,Allies,,,,HasBeenDestroyed,1,,,,,,,,
4555.18,3662,A-10A Thunderbolt II,Enemies,Spear 1-2 | Geert,,,HasFired,1,4349,AGM-65G Maverick,Enemies,,,,,,,
4574.16,3154,A-10A Thunderbolt II,Enemies,rocketboy11,,,HasFired,67,4354,weapons.shells.GAU8_30_HE,Enemies,,,,,,,
4574.18,3773,F/A-18C Hornet,Enemies,Assman,,,HasBeenDestroyed,1,,,,,,,,
4574.92,219,ZSU-23-4 Shilka,Allies,CJTF_RED gnd 35 unit2,,,HasFired,78,4439,weapons.shells.2A7_23_HE,Allies,,,,,,,
4579.32,3154,A-10A Thunderbolt II,Enemies,rocketboy11,,,HasBeenHitBy,1,4439,weapons.shells.2A7_23_HE,Allies,,,,219,ZSU-23-4 Shilka,Allies,CJTF_RED gnd 35 unit2,,
4580.42,3154,A-10A Thunderbolt II,Enemies,rocketboy11,,,HasBeenDestroyed,1,219,ZSU-23-4 Shilka,Allies,CJTF_RED gnd 35 unit2,,,,,,
4582.85,212,Infantry AK,Allies,CJTF_RED gnd 34 unit1,,,HasBeenHitBy,1,4356,weapons.shells.GAU8_30_AP,Enemies,,,,3154,A-10A Thunderbolt II,Enemies,rocketboy11,,
4583.07,213,Infantry AK,Allies,CJTF_RED gnd 34 unit2,,,HasBeenHitBy,3,4354,weapons.shells.GAU8_30_HE,Enemies,,,,3154,A-10A Thunderbolt II,Enemies,rocketboy11,,
4584.26,217,Infantry AK,Allies,CJTF_RED gnd 34 unit6,,,HasBeenHitBy,1,4453,weapons.shells.GAU8_30_AP,Enemies,,,,3154,A-10A Thunderbolt II,Enemies,rocketboy11,,
4584.32,215,Ural-375,Allies,CJTF_RED gnd 34 unit4,,,HasBeenHitBy,2,4460,weapons.shells.GAU8_30_AP,Enemies,,,,3154,A-10A Thunderbolt II,Enemies,rocketboy11,,
4584.46,212,Infantry AK,Allies,CJTF_RED gnd 34 unit1,,,HasBeenHitBy,2,4471,weapons.shells.GAU8_30_AP,Enemies,,,,3154,A-10A Thunderbolt II,Enemies,rocketboy11,,
4584.56,213,Infantry AK,Allies,CJTF_RED gnd 34 unit2,,,HasBeenHitBy,7,4452,weapons.shells.GAU8_30_HE,Enemies,,,,3154,A-10A Thunderbolt II,Enemies,rocketboy11,,
4584.62,214,SA-18 Grouse,Allies,CJTF_RED gnd 34 unit3,,,HasBeenDestroyed,1,3154,A-10A Thunderbolt II,Enemies,rocketboy11,,,,,,
4584.83,214,SA-18 Grouse,Allies,CJTF_RED gnd 34 unit3,,,HasBeenHitBy,2,4485,weapons.shells.GAU8_30_AP,Enemies,,,,3154,A-10A Thunderbolt II,Enemies,rocketboy11,,
4585.18,221,T-90,Allies,CJTF_RED gnd 35 unit4,,,HasBeenHitBy,1,4349,AGM-65G Maverick,Enemies,,,,3662,A-10A Thunderbolt II,Enemies,Spear 1-2 | Geert,,
4585.29,221,T-90,Allies,CJTF_RED gnd 35 unit4,,,HasBeenDestroyed,1,3662,A-10A Thunderbolt II,Enemies,Spear 1-2 | Geert,,,,,,
4590.37,3662,A-10A Thunderbolt II,Enemies,Spear 1-2 | Geert,,,HasFired,10,4496,weapons.shells.GAU8_30_AP,Enemies,,,,,,,
4591.67,3662,A-10A Thunderbolt II,Enemies,Spear 1-2 | Geert,,,HasFired,10,4506,M151 (HE),Enemies,,,,,,,
4594.35,219,ZSU-23-4 Shilka,Allies,CJTF_RED gnd 35 unit2,,,HasFired,86,4516,weapons.shells.2A7_23_AP,Allies,,,,,,,
4595.76,219,ZSU-23-4 Shilka,Allies,CJTF_RED gnd 35 unit2,,,HasBeenHitBy,6,4508,M151 (HE),Enemies,,,,3662,A-10A Thunderbolt II,Enemies,Spear 1-2 | Geert,,
4597.90,219,ZSU-23-4 Shilka,Allies,CJTF_RED gnd 35 unit2,,,HasBeenHitBy,2,4511,M151 (HE),Enemies,,,,3662,A-10A Thunderbolt II,Enemies,Spear 1-2 | Geert,,
4600.80,4601,A-10A Thunderbolt II,Enemies,rocketboy11,,,HasEnteredTheArea,1,ICAO:URKA,Anapa-Vityazevo,,,,,,
4604.59,3662,A-10A Thunderbolt II,Enemies,Spear 1-2 | Geert,,,HasFired,14,4603,M151 (HE),Enemies,,,,,,,
4605.83,220,T-90,Allies,CJTF_RED gnd 35 unit3,,,HasBeenHitBy,14,4602,M151 (HE),Enemies,,,,3662,A-10A Thunderbolt II,Enemies,Spear 1-2 | Geert,,
4653.11,4622,M1 Abrams,Enemies,CJTF_BLUE gnd 48 unit3,,,HasEnteredTheArea,1,,,,,,,,
4653.11,4621,Gepard,Enemies,CJTF_BLUE gnd 48 unit2,,,HasEnteredTheArea,1,,,,,,,,
4653.11,4620,M2 Bradley,Enemies,CJTF_BLUE gnd 48 unit1,,,HasEnteredTheArea,1,,,,,,,,
4653.13,4623,M1 Abrams,Enemies,CJTF_BLUE gnd 48 unit4,,,HasEnteredTheArea,1,,,,,,,,
4653.13,4160,UH-60A Black Hawk,Enemies,anapa1,,,HasBeenDestroyed,1,,,,,,,,
4666.43,3662,A-10A Thunderbolt II,Enemies,Spear 1-2 | Geert,,,HasFired,4,4625,M151 (HE),Enemies,,,,,,,
4670.50,220,T-90,Allies,CJTF_RED gnd 35 unit3,,,HasBeenHitBy,4,4624,M151 (HE),Enemies,,,,3662,A-10A Thunderbolt II,Enemies,Spear 1-2 | Geert,,
4670.55,638,A-10C Thunderbolt II,Enemies,Hobo 1-1 | Flatline,,,HasFired,1,4628,AGR_20_M282,Enemies,,,,,,,
4670.94,220,T-90,Allies,CJTF_RED gnd 35 unit3,,,HasBeenDestroyed,1,3662,A-10A Thunderbolt II,Enemies,Spear 1-2 | Geert,,,,,,
4671.90,3662,A-10A Thunderbolt II,Enemies,Spear 1-2 | Geert,,,HasFired,78,4742,weapons.shells.GAU8_30_AP,Enemies,,,,,,,
4672.64,219,ZSU-23-4 Shilka,Allies,CJTF_RED gnd 35 unit2,,,HasFired,80,4674,weapons.shells.2A7_23_HE,Allies,,,,,,,
4673.09,4675,Mi-8MT Hip,Allies,krym1-1-2-1-2-1,,,HasEnteredTheArea,1,ICAO:URKW,Krymsk,,,,,,
4675.26,3662,A-10A Thunderbolt II,Enemies,Spear 1-2 | Geert,,,HasBeenHitBy,12,4672,weapons.shells.2A7_23_HE,Allies,,,,219,ZSU-23-4 Shilka,Allies,CJTF_RED gnd 35 unit2,,
4680.22,219,ZSU-23-4 Shilka,Allies,CJTF_RED gnd 35 unit2,,,HasBeenHitBy,5,4742,weapons.shells.GAU8_30_AP,Enemies,,,,3662,A-10A Thunderbolt II,Enemies,Spear 1-2 | Geert,,
4681.11,3852,BTR_D,Allies,Ground-1-14,,,HasBeenHitBy,1,4628,AGR_20_M282,Enemies,,,,638,A-10C Thunderbolt II,Enemies,Hobo 1-1 | Flatline,,
4681.35,3852,BTR_D,Allies,Ground-1-14,,,HasBeenDestroyed,1,638,A-10C Thunderbolt II,Enemies,Hobo 1-1 | Flatline,,,,,,
4681.83,219,ZSU-23-4 Shilka,Allies,CJTF_RED gnd 35 unit2,,,HasBeenHitBy,8,4760,weapons.shells.GAU8_30_AP,Enemies,,,,3662,A-10A Thunderbolt II,Enemies,Spear 1-2 | Geert,,
4681.85,219,ZSU-23-4 Shilka,Allies,CJTF_RED gnd 35 unit2,,,HasFired,104,4776,weapons.shells.2A7_23_HE,Allies,,,,,,,
4682.12,3662,A-10A Thunderbolt II,Enemies,Spear 1-2 | Geert,,,HasBeenHitBy,27,4773,weapons.shells.2A7_23_AP,Allies,,,,219,ZSU-23-4 Shilka,Allies,CJTF_RED gnd 35 unit2,,
4682.30,3662,A-10A Thunderbolt II,Enemies,Spear 1-2 | Geert,,,HasBeenDestroyed,1,219,ZSU-23-4 Shilka,Allies,CJTF_RED gnd 35 unit2,,,,,,